Experiment,VolumeLabel,TargetSlidesPerDay,ActiveScanners,TechStartHr,CheckPolicy,N,MeanPctReady,SDPctReady,P05PctReady,P95PctReady,MeanT90Hr,MeanT95Hr,MeanInputSlides,MeanInputRacks,MeanRackFillPct,MeanMaxLoadingQueue,MeanMaxFleetQueue
Primary,Low,500,1,8,Reference,3,50.3288369400351,23.4905713297372,32.8746177370031,77.037037037037,19.4068568153388,22.3982287110812,481.666666666667,24.6666666666667,97.3336540003207,11,14
Primary,Low,500,2,8,Reference,3,74.3059917054881,8.58764203374454,64.5259938837921,80.6142034548944,19.2945213615374,20.2266561188321,481.666666666667,24.6666666666667,97.3336540003207,11,11
Primary,Low,500,3,8,Reference,3,84.6591334741622,7.08036901977507,77.4074074074074,91.5547024952015,18.9632849949233,19.8176269697649,481.666666666667,24.6666666666667,97.3336540003207,11,9
Primary,Low,500,4,8,Reference,3,85.4852889481075,7.56454892412221,77.7777777777778,92.8982725527831,18.7808631926252,19.8176269697649,481.666666666667,24.6666666666667,97.3336540003207,11,7
Primary,Low,500,5,8,Reference,3,87.315125147041,4.11046122083312,84.0740740740741,91.9385796545106,18.932670363411,19.7571710089469,481.666666666667,24.6666666666667,97.3336540003207,11,5.66666666666667
Primary,Low,500,6,8,Reference,3,86.5164789129524,6.82279280641467,80.3703703703704,93.8579654510557,18.9377870893936,19.5808685227855,481.666666666667,24.6666666666667,97.3336540003207,11,4
Primary,Low,500,1,9,Reference,3,41.1743732321661,18.3804969388896,28.2874617737003,62.2222222222222,19.3990743020583,22.1988840808183,481.666666666667,24.6666666666667,97.3336540003207,11,14.3333333333333
Primary,Low,500,2,9,Reference,3,69.8840281405567,13.5495981480675,57.6452599388379,84.4444444444444,19.6845757442326,20.5720251559366,481.666666666667,24.6666666666667,97.3336540003207,11,11.3333333333333
Primary,Low,500,3,9,Reference,3,85.3936871359846,4.96100836274767,81.4984709480122,90.978886756238,18.6962203648852,20.0088138611228,481.666666666667,24.6666666666667,97.3336540003207,11,9.33333333333333
Primary,Low,500,4,9,Reference,3,85.9561091317241,3.90889627312565,82.2222222222222,90.0191938579654,18.5524564327099,19.8702978719361,481.666666666667,24.6666666666667,97.3336540003207,11,7.33333333333333
Primary,Low,500,5,9,Reference,3,86.9766380160999,2.59774662974407,84.4444444444444,89.6353166986564,18.7017936984715,19.6768007616596,481.666666666667,24.6666666666667,97.3336540003207,11,5.66666666666667
Primary,Low,500,6,9,Reference,3,85.9619701172349,1.97050310839215,83.7037037037037,87.3320537428023,18.7446036689438,19.8456855369664,481.666666666667,24.6666666666667,97.3336540003207,11,4.33333333333333
Primary,Low,500,1,10,Reference,3,37.4295404539525,18.2025921892588,24.0061162079511,58.1481481481481,19.5957382955094,22.3955480742694,481.666666666667,24.6666666666667,97.3336540003207,15.3333333333333,14.3333333333333
Primary,Low,500,2,10,Reference,3,60.9808672301996,11.8375845458891,48.9296636085627,72.5925925925926,20.0298855261834,20.8412280404206,481.666666666667,24.6666666666667,97.3336540003207,15.3333333333333,11.3333333333333
Primary,Low,500,3,10,Reference,3,76.8489615772834,7.42694425192648,72.17125382263,85.4126679462572,18.8751086268527,20.1061808600321,481.666666666667,24.6666666666667,97.3336540003207,15.3333333333333,9.33333333333333
Primary,Low,500,4,10,Reference,3,82.7484695892897,7.79787380867509,74.8148148148148,90.4030710172745,18.5764469880569,20.0463463740528,481.666666666667,24.6666666666667,97.3336540003207,15.3333333333333,7.33333333333333
Primary,Low,500,5,10,Reference,3,83.4215068167653,4.65277516174033,78.1481481481482,86.9481765834933,18.8575618133881,19.8837952257765,481.666666666667,24.6666666666667,97.3336540003207,15.3333333333333,5.66666666666667
Primary,Low,500,6,10,Reference,3,85.4617863092509,3.60384009193,81.8518518518518,89.0595009596929,19.0809658129699,19.8822193268316,481.666666666667,24.6666666666667,97.3336540003207,15.3333333333333,4.33333333333333
Primary,Low,500,1,11,Reference,3,25.747709356859,12.5215283849678,16.5137614678899,40,21.2024039621761,NaN,481.666666666667,24.6666666666667,97.3336540003207,17.3333333333333,16
Primary,Low,500,2,11,Reference,3,50.490746664771,22.7496536839114,33.3333333333333,76.2962962962963,20.9382604035939,21.5913624549508,481.666666666667,24.6666666666667,97.3336540003207,17.3333333333333,12.6666666666667
Primary,Low,500,3,11,Reference,3,64.4376573536563,17.2161114773632,48.9296636085627,82.962962962963,19.6840074051081,20.99603465922,481.666666666667,24.6666666666667,97.3336540003207,17.3333333333333,10.3333333333333
Primary,Low,500,4,11,Reference,3,75.9398827237669,9.79415587316499,64.8318042813456,83.3333333333333,19.0979223856685,20.7653379946062,481.666666666667,24.6666666666667,97.3336540003207,17.3333333333333,7.66666666666667
Primary,Low,500,5,11,Reference,3,83.020966284333,6.40724316616501,76.2996941896024,89.0595009596929,18.8411234253912,20.6832007293952,481.666666666667,24.6666666666667,97.3336540003207,17.3333333333333,5.66666666666667
Primary,Low,500,6,11,Reference,3,84.9633438400629,4.65212519882955,81.3455657492355,90.21113243762,18.8390969190031,20.6730219488719,481.666666666667,24.6666666666667,97.3336540003207,17.3333333333333,4.66666666666667
Primary,Low,500,1,12,Reference,3,23.3636621941869,11.3621276085819,14.9847094801223,36.2962962962963,21.5957382955094,NaN,481.666666666667,24.6666666666667,97.3336540003207,17.3333333333333,16
Primary,Low,500,2,12,Reference,3,45.0419693085233,20.4325099200609,29.3577981651376,68.1481481481482,21.2527712515171,21.8245671334466,481.666666666667,24.6666666666667,97.3336540003207,17.3333333333333,14
Primary,Low,500,3,12,Reference,3,60.4110537838901,20.7780965420073,42.8134556574924,83.3333333333333,19.8561420996196,21.1003590984451,481.666666666667,24.6666666666667,97.3336540003207,17.3333333333333,11.6666666666667
Primary,Low,500,4,12,Reference,3,71.5859487655082,12.7038073859002,58.1039755351682,83.3333333333333,19.4847203096056,20.9462333409049,481.666666666667,24.6666666666667,97.3336540003207,17.3333333333333,9.33333333333333
Primary,Low,500,5,12,Reference,3,80.1754426011471,8.34838567261824,70.6422018348624,86.1804222648752,18.9037478693149,20.6373495861547,481.666666666667,24.6666666666667,97.3336540003207,17.3333333333333,7.33333333333333
Primary,Low,500,6,12,Reference,3,84.047767031913,4.06525839024773,79.9694189602447,88.0998080614203,18.8373253392417,20.6626030483564,481.666666666667,24.6666666666667,97.3336540003207,17.3333333333333,5.66666666666667
Primary,Medium,1000,1,8,Reference,3,21.2050551105965,2.75020545830342,18.1742738589212,23.5416666666667,NaN,NaN,1065.66666666667,53.6666666666667,99.333753678016,24,23
Primary,Medium,1000,2,8,Reference,3,41.2619917816591,5.2220941459825,35.4356846473029,45.5208333333333,23.4078553210941,NaN,1065.66666666667,53.6666666666667,99.333753678016,24,32
Primary,Medium,1000,3,8,Reference,3,62.0467347775741,7.79647540849488,53.4439834024896,68.6458333333333,20.1762333266891,21.1215236997778,1065.66666666667,53.6666666666667,99.333753678016,24,29.6666666666667
Primary,Medium,1000,4,8,Reference,3,81.1212299098288,8.18889829925735,71.7842323651452,87.0833333333333,18.4977112867843,19.8181311257136,1065.66666666667,53.6666666666667,99.333753678016,24,27
Primary,Medium,1000,5,8,Reference,3,86.5380909110403,5.49449657320575,80.2489626556017,90.4069767441861,18.070483246758,19.8927096891358,1065.66666666667,53.6666666666667,99.333753678016,24,24
Primary,Medium,1000,6,8,Reference,3,88.6769369123055,4.87131270673879,83.0705394190871,91.875,17.8708508747364,19.6022727971263,1065.66666666667,53.6666666666667,99.333753678016,24,21
Primary,Medium,1000,1,9,Reference,3,17.1504424126433,1.42150217302057,15.5186721991701,18.1201550387597,NaN,NaN,1065.66666666667,53.6666666666667,99.333753678016,26.3333333333333,23
Primary,Medium,1000,2,9,Reference,3,34.8179353361854,2.64356477368406,31.7842323651452,36.6279069767442,NaN,NaN,1065.66666666667,53.6666666666667,99.333753678016,24,33
Primary,Medium,1000,3,9,Reference,3,50.9086681248459,4.07073434470837,46.2240663900415,53.5852713178295,21.05177729743,21.9968051176596,1065.66666666667,53.6666666666667,99.333753678016,24,31
Primary,Medium,1000,4,9,Reference,3,68.8160100839525,5.23405551078643,62.8215767634855,72.4806201550388,19.1631400795069,20.290158625952,1065.66666666667,53.6666666666667,99.333753678016,24,27.6666666666667
Primary,Medium,1000,5,9,Reference,3,82.2360836362272,5.30074422398131,76.1825726141079,86.046511627907,18.5640666336904,19.8395874446093,1065.66666666667,53.6666666666667,99.333753678016,24,24.3333333333333
Primary,Medium,1000,6,9,Reference,3,86.4371307643647,5.65577258112409,79.9170124481328,90.0193798449612,18.1113744933716,19.6314889139702,1065.66666666667,53.6666666666667,99.333753678016,24,21
Primary,Medium,1000,1,10,Reference,3,14.8654635347979,1.68961138161314,13.0290456431535,16.3541666666667,NaN,NaN,1065.66666666667,53.6666666666667,99.333753678016,37,23
Primary,Medium,1000,2,10,Reference,3,30.2990339562761,3.44379389882933,26.5560165975104,33.3333333333333,NaN,NaN,1065.66666666667,53.6666666666667,99.333753678016,37,33.6666666666667
Primary,Medium,1000,3,10,Reference,3,44.6910750855072,5.07959600077327,39.1701244813278,49.1666666666667,21.708257949448,22.6577005296133,1065.66666666667,53.6666666666667,99.333753678016,37,31.6666666666667
Primary,Medium,1000,4,10,Reference,3,58.7990627713982,6.68311253491568,51.5352697095436,64.6875,19.7338021459663,20.8563244779022,1065.66666666667,53.6666666666667,99.333753678016,37,28.6666666666667
Primary,Medium,1000,5,10,Reference,3,72.5378650808968,7.17262318035987,64.4813278008299,78.2291666666667,18.8512752833436,20.1460037557555,1065.66666666667,53.6666666666667,99.333753678016,37,26
Primary,Medium,1000,6,10,Reference,3,82.2930672156283,7.17563073889403,74.1078838174274,87.5,18.4624328548749,19.9011572341268,1065.66666666667,53.6666666666667,99.333753678016,37,23
Primary,Medium,1000,1,11,Reference,3,10.2905234434473,1.18733744295056,8.96265560165975,11.25,NaN,NaN,1065.66666666667,53.6666666666667,99.333753678016,39,23
Primary,Medium,1000,2,11,Reference,3,20.8673150739275,2.4464186676702,18.0912863070539,22.7083333333333,NaN,NaN,1065.66666666667,53.6666666666667,99.333753678016,39,36.3333333333333
Primary,Medium,1000,3,11,Reference,3,30.6220313722967,3.5860062242305,26.5560165975104,33.3333333333333,22.6074042880708,23.669465213852,1065.66666666667,53.6666666666667,99.333753678016,39,33
Primary,Medium,1000,4,11,Reference,3,40.7599150825051,4.86620521480924,35.1867219917012,44.1666666666667,21.2429250052224,22.2943753452847,1065.66666666667,53.6666666666667,99.333753678016,39,30
Primary,Medium,1000,5,11,Reference,3,50.4779021518865,5.88998934206534,43.8174273858921,55,20.1484470810703,21.2932184785504,1065.66666666667,53.6666666666667,99.333753678016,39,27
Primary,Medium,1000,6,11,Reference,3,59.9251242400849,7.1736761473984,51.701244813278,64.8958333333333,19.4453773281228,20.6079321335526,1065.66666666667,53.6666666666667,99.333753678016,39,24
Primary,Medium,1000,1,12,Reference,3,9.27907914910955,1.05466188151648,8.13278008298755,10.2083333333333,NaN,NaN,1065.66666666667,53.6666666666667,99.333753678016,40.3333333333333,23
Primary,Medium,1000,2,12,Reference,3,18.1794203737656,2.0662763392976,15.9336099585062,20,NaN,NaN,1065.66666666667,53.6666666666667,99.333753678016,40.3333333333333,37.3333333333333
Primary,Medium,1000,3,12,Reference,3,26.5716169706327,2.97844497164535,23.3195020746888,29.1666666666667,23.0946136901732,23.9491973645632,1065.66666666667,53.6666666666667,99.333753678016,40.3333333333333,35.3333333333333
Primary,Medium,1000,4,12,Reference,3,36.1347495630823,4.06532459916946,31.701244813278,39.6875,21.6954171077877,22.7461449616644,1065.66666666667,53.6666666666667,99.333753678016,40.3333333333333,32.3333333333333
Primary,Medium,1000,5,12,Reference,3,44.122968198827,5.01502486517022,38.6721991701245,48.5416666666667,20.512409676805,21.5901791720032,1065.66666666667,53.6666666666667,99.333753678016,40.3333333333333,29.3333333333333
Primary,Medium,1000,6,12,Reference,3,52.3257958334674,5.90554405211789,45.8921161825726,57.5,19.8853155201203,21.0975991090685,1065.66666666667,53.6666666666667,99.333753678016,40.3333333333333,26.3333333333333
Primary,High,2000,1,8,Reference,3,10.7007076806898,0.528305446779572,10.1138952164009,11.1384918679152,NaN,NaN,2102.33333333333,105.666666666667,99.4746625923096,64,23
Primary,High,2000,2,8,Reference,3,20.9264873531527,1.08349427555331,19.7266514806378,21.8334154756037,NaN,NaN,2102.33333333333,105.666666666667,99.4746625923096,49.6666666666667,46
Primary,High,2000,3,8,Reference,3,31.6970620195322,1.85254008013768,29.7038724373576,33.3661902414983,NaN,NaN,2102.33333333333,105.666666666667,99.4746625923096,49.3333333333333,66.3333333333333
Primary,High,2000,4,8,Reference,3,42.0939706671642,2.28340137551234,39.5899772209567,44.0611138491868,23.7611034406806,NaN,2102.33333333333,105.666666666667,99.4746625923096,49.3333333333333,64
Primary,High,2000,5,8,Reference,3,51.4199962169769,2.9875334244116,48.1548974943052,54.0167570231641,21.7841340487308,22.873858137364,2102.33333333333,105.666666666667,99.4746625923096,49.3333333333333,62.6666666666667
Primary,High,2000,6,8,Reference,3,60.9602592338504,3.4045061580648,57.2665148063781,63.9724001971414,20.2404523674884,21.3320755930879,2102.33333333333,105.666666666667,99.4746625923096,49.3333333333333,59.6666666666667
Primary,High,2000,1,9,Reference,3,9.0045908932328,0.545185871602943,8.42824601366743,9.51207491375062,NaN,NaN,2102.33333333333,105.666666666667,99.4746625923096,65.6666666666667,23
Primary,High,2000,2,9,Reference,3,18.3096441817198,1.05828672363028,17.1753986332574,19.2705766387383,NaN,NaN,2102.33333333333,105.666666666667,99.4746625923096,55,46
Primary,High,2000,3,9,Reference,3,26.712493752888,1.64270668808396,25.0113895216401,28.2897979300148,NaN,NaN,2102.33333333333,105.666666666667,99.4746625923096,50.3333333333333,66.6666666666667
Primary,High,2000,4,9,Reference,3,36.2589336401172,2.28426047613506,33.8496583143508,38.3932971907344,NaN,NaN,2102.33333333333,105.666666666667,99.4746625923096,49.3333333333333,65
Primary,High,2000,5,9,Reference,3,44.8927340029439,2.58936170521366,42.0501138952164,47.1168063085264,22.521796554734,23.2261270905869,2102.33333333333,105.666666666667,99.4746625923096,49.3333333333333,63
Primary,High,2000,6,9,Reference,3,52.9663821842634,3.30189145619675,49.3849658314351,55.8896007885658,20.8380864014281,21.9512312954377,2102.33333333333,105.666666666667,99.4746625923096,49.3333333333333,60
Primary,High,2000,1,10,Reference,3,7.47587580525782,0.297372857381791,7.15261958997722,7.73780187284377,NaN,NaN,2102.33333333333,105.666666666667,99.4746625923096,75.3333333333333,23
Primary,High,2000,2,10,Reference,3,15.2538823246717,0.628085138649282,14.5785876993166,15.8206012814194,NaN,NaN,2102.33333333333,105.666666666667,99.4746625923096,75.3333333333333,46
Primary,High,2000,3,10,Reference,3,22.4752444591191,0.894012666778378,21.503416856492,23.2626909807787,NaN,NaN,2102.33333333333,105.666666666667,99.4746625923096,75.3333333333333,67.6666666666667
Primary,High,2000,4,10,Reference,3,29.6523261880245,1.28804897929646,28.2915717539863,30.8526367668802,NaN,NaN,2102.33333333333,105.666666666667,99.4746625923096,75.3333333333333,65.6666666666667
Primary,High,2000,5,10,Reference,3,37.1134418581017,1.62874920485775,35.3986332574032,38.6397240019714,23.3736525382761,23.6571086766673,2102.33333333333,105.666666666667,99.4746625923096,75.3333333333333,66
Primary,High,2000,6,10,Reference,3,44.3364723114509,1.96007540289559,42.2779043280182,46.1803844258255,21.6911952192937,22.8168506574566,2102.33333333333,105.666666666667,99.4746625923096,75.3333333333333,63
Primary,High,2000,1,11,Reference,3,5.2539125842141,0.239112103313768,5.05694760820046,5.5199605717102,NaN,NaN,2102.33333333333,105.666666666667,99.4746625923096,77.6666666666667,23
Primary,High,2000,2,11,Reference,3,10.6979027039272,0.513365531665182,10.3416856492027,11.2863479546575,NaN,NaN,2102.33333333333,105.666666666667,99.4746625923096,77.6666666666667,46
Primary,High,2000,3,11,Reference,3,16.0011711619675,0.998077398739879,15.3624579932789,17.1513060620996,NaN,NaN,2102.33333333333,105.666666666667,99.4746625923096,77.6666666666667,69
Primary,High,2000,4,11,Reference,3,21.0140877853228,1.09404271550355,20.3552568410946,22.2769837358305,NaN,NaN,2102.33333333333,105.666666666667,99.4746625923096,77.6666666666667,73.3333333333333
Primary,High,2000,5,11,Reference,3,25.9991172014292,1.30470730199957,25.1480637813212,27.5012321340562,NaN,NaN,2102.33333333333,105.666666666667,99.4746625923096,77.6666666666667,69
Primary,High,2000,6,11,Reference,3,31.3496825765105,2.02259096575352,29.9087854056649,33.6619024149827,23.0674175262951,23.1858289607351,2102.33333333333,105.666666666667,99.4746625923096,77.6666666666667,66.3333333333333
Primary,High,2000,1,12,Reference,3,4.66647024786794,0.185621274034494,4.46469248291572,4.82996550024643,NaN,NaN,2102.33333333333,105.666666666667,99.4746625923096,80,23
Primary,High,2000,2,12,Reference,3,9.28493281450688,0.365661200985285,8.92938496583144,9.65993100049285,NaN,NaN,2102.33333333333,105.666666666667,99.4746625923096,80,46
Primary,High,2000,3,12,Reference,3,13.711649526745,0.470073985880024,13.2118451025057,14.1448989650074,NaN,NaN,2102.33333333333,105.666666666667,99.4746625923096,80,69
Primary,High,2000,4,12,Reference,3,18.4068587692075,0.55831376744384,17.8587699316629,18.9748644652538,NaN,NaN,2102.33333333333,105.666666666667,99.4746625923096,80,73.3333333333333
Primary,High,2000,5,12,Reference,3,22.5031669221573,0.765817574198366,21.7312072892938,23.2626909807787,NaN,NaN,2102.33333333333,105.666666666667,99.4746625923096,80,71.6666666666667
Primary,High,2000,6,12,Reference,3,26.8494449386744,0.842430070167226,26.0136674259681,27.6983735830458,23.6521282480842,23.9792720268968,2102.33333333333,105.666666666667,99.4746625923096,80,69.6666666666667
CheckSensitivity,Low,500,1,8,Frequent,3,49.4728069620508,29.1190399880455,30.1343570057582,82.962962962963,18.9995066292905,21.9908785250329,481.666666666667,24.6666666666667,97.3336540003207,11,14.3333333333333
CheckSensitivity,Low,500,2,8,Frequent,3,72.302039018598,11.8073893062771,61.9961612284069,85.1851851851852,19.6175357641331,20.7464897463344,481.666666666667,24.6666666666667,97.3336540003207,11,11
CheckSensitivity,Low,500,3,8,Frequent,3,81.5890227393629,7.48639952285578,72.962962962963,86.3914373088685,18.82886035858,19.9043203461726,481.666666666667,24.6666666666667,97.3336540003207,11,9
CheckSensitivity,Low,500,4,8,Frequent,3,87.6453860282888,2.73791909936698,85.1851851851852,90.595009596929,19.0860155581159,19.897391429236,481.666666666667,24.6666666666667,97.3336540003207,11,7
CheckSensitivity,Low,500,5,8,Frequent,3,87.4415124299198,2.81429128619452,85.1851851851852,90.595009596929,18.8452200412714,20.2525682103261,481.666666666667,24.6666666666667,97.3336540003207,11,5.66666666666667
CheckSensitivity,Low,500,6,8,Frequent,3,84.0247470112996,10.4517466805652,72.5925925925926,93.0902111324376,18.5595518313607,19.7767511168642,481.666666666667,24.6666666666667,97.3336540003207,11,4
CheckSensitivity,Low,500,1,8,Reference,3,50.8894893355499,22.8777771057243,34.5565749235474,77.037037037037,19.4068568153388,22.3982287110812,481.666666666667,24.6666666666667,97.3336540003207,11,14
CheckSensitivity,Low,500,2,8,Reference,3,77.5260619286164,8.52257410436216,67.8899082568807,84.0740740740741,19.0645123327624,19.9885018132015,481.666666666667,24.6666666666667,97.3336540003207,11,10.6666666666667
CheckSensitivity,Low,500,3,8,Reference,3,84.9583741765326,4.41966980520612,80,88.4836852207294,18.877688720982,19.7187618560565,481.666666666667,24.6666666666667,97.3336540003207,11,9
CheckSensitivity,Low,500,4,8,Reference,3,83.4458290370527,3.40371260582456,79.6545105566219,86.2385321100917,19.1632293241109,20.3188826583623,481.666666666667,24.6666666666667,97.3336540003207,11,7
CheckSensitivity,Low,500,5,8,Reference,3,84.0131359120365,2.40934852390844,81.573896353167,86.3914373088685,19.393677710484,20.0854411305087,481.666666666667,24.6666666666667,97.3336540003207,11,5.66666666666667
CheckSensitivity,Low,500,6,8,Reference,3,86.9867186503037,3.8142431895503,83.7037037037037,91.1708253358925,18.6798221833178,19.7028598609677,481.666666666667,24.6666666666667,97.3336540003207,11,4.33333333333333
CheckSensitivity,Low,500,1,8,Intermittent,3,43.026225084018,21.565324666078,28.2874617737003,67.7777777777778,19.6903391588575,22.6479700011389,481.666666666667,24.6666666666667,97.3336540003207,11,14
CheckSensitivity,Low,500,2,8,Intermittent,3,69.8840281405567,13.5495981480675,57.6452599388379,84.4444444444444,19.9047626759683,20.6511498811405,481.666666666667,24.6666666666667,97.3336540003207,11,11.3333333333333
CheckSensitivity,Low,500,3,8,Intermittent,3,83.4878081283782,2.55729521613712,81.4984709480122,86.3723608445298,19.1953311651207,20.2390312307335,481.666666666667,24.6666666666667,97.3336540003207,11,9
CheckSensitivity,Low,500,4,8,Intermittent,3,84.6441396992854,2.83708390288889,81.8518518518518,87.5239923224568,19.0537012113013,20.271827504204,481.666666666667,24.6666666666667,97.3336540003207,11,7
CheckSensitivity,Low,500,5,8,Intermittent,3,84.7540897004702,1.52911121857742,83.3333333333333,86.3723608445298,19.2323555765347,20.1201380450581,481.666666666667,24.6666666666667,97.3336540003207,11,5.66666666666667
CheckSensitivity,Low,500,6,8,Intermittent,3,84.6951080988776,2.83609754695817,81.8518518518518,87.5239923224568,18.9478886229046,20.0534550630709,481.666666666667,24.6666666666667,97.3336540003207,11,4.33333333333333
CheckSensitivity,Medium,1000,1,8,Frequent,3,20.735854455488,2.80501563512525,17.5103734439834,22.6041666666667,NaN,NaN,1065.66666666667,53.6666666666667,99.333753678016,24,23
CheckSensitivity,Medium,1000,2,8,Frequent,3,40.7304063870394,5.28258506674467,34.6887966804979,44.4791666666667,23.4454127140158,NaN,1065.66666666667,53.6666666666667,99.333753678016,24,31.6666666666667
CheckSensitivity,Medium,1000,3,8,Frequent,3,61.4083055904017,8.21541297184866,51.9502074688797,66.7708333333333,20.2251183922102,21.2464584437299,1065.66666666667,53.6666666666667,99.333753678016,24,30
CheckSensitivity,Medium,1000,4,8,Frequent,3,80.4333124256168,9.15911980155752,69.8755186721992,86.25,18.6349754100486,19.8416484300352,1065.66666666667,53.6666666666667,99.333753678016,24,27
CheckSensitivity,Medium,1000,5,8,Frequent,3,87.1188865032648,5.87766536138675,80.3319502074689,90.5208333333333,18.0631744760384,19.8180394882535,1065.66666666667,53.6666666666667,99.333753678016,24,24
CheckSensitivity,Medium,1000,6,8,Frequent,3,87.0368706241222,4.2952650816627,82.4066390041494,90.8914728682171,18.1299603407709,19.5627752668831,1065.66666666667,53.6666666666667,99.333753678016,24,21
CheckSensitivity,Medium,1000,1,8,Reference,3,20.8925551105965,2.38034146270363,18.1742738589212,22.6041666666667,NaN,NaN,1065.66666666667,53.6666666666667,99.333753678016,24,23
CheckSensitivity,Medium,1000,2,8,Reference,3,40.9147695594369,4.81618768335761,35.4356846473029,44.4791666666667,23.4834479807442,NaN,1065.66666666667,53.6666666666667,99.333753678016,24,31.6666666666667
CheckSensitivity,Medium,1000,3,8,Reference,3,61.4217347775741,7.04156190082973,53.4439834024896,66.7708333333333,20.217729645602,21.1656507138988,1065.66666666667,53.6666666666667,99.333753678016,24,29.6666666666667
CheckSensitivity,Medium,1000,4,8,Reference,3,80.8087299098288,7.85885183382689,71.7842323651452,86.1458333333333,18.6820957364403,19.8965317145473,1065.66666666667,53.6666666666667,99.333753678016,24,27
CheckSensitivity,Medium,1000,5,8,Reference,3,86.8675482753814,5.74935675685702,80.2489626556017,90.625,18.1563711868327,19.9457854375215,1065.66666666667,53.6666666666667,99.333753678016,24,24
CheckSensitivity,Medium,1000,6,8,Reference,3,87.6812973774218,4.06147861908922,83.0705394190871,90.7291666666667,18.1282510026038,19.9222009384415,1065.66666666667,53.6666666666667,99.333753678016,24,21
CheckSensitivity,Medium,1000,1,8,Intermittent,3,18.5895366260306,1.61459852892101,17.5103734439834,20.4457364341085,NaN,NaN,1065.66666666667,53.6666666666667,99.333753678016,24.6666666666667,23
CheckSensitivity,Medium,1000,2,8,Intermittent,3,36.8336268455081,2.87284416270775,34.4398340248963,40.0193798449612,NaN,NaN,1065.66666666667,53.6666666666667,99.333753678016,24,31.3333333333333
CheckSensitivity,Medium,1000,3,8,Intermittent,3,54.4924919853753,4.06410394210034,51.4522821576764,59.1085271317829,20.7439257251126,21.6935473236594,1065.66666666667,53.6666666666667,99.333753678016,24,30
CheckSensitivity,Medium,1000,4,8,Intermittent,3,73.6499277611588,5.93478381203038,69.3775933609958,80.4263565891473,19.0636035945287,20.2191534862655,1065.66666666667,53.6666666666667,99.333753678016,24,27
CheckSensitivity,Medium,1000,5,8,Intermittent,3,83.8720454447983,5.4667226192778,78.7551867219917,89.6317829457364,18.5194729187517,20.1011707229223,1065.66666666667,53.6666666666667,99.333753678016,24,24
CheckSensitivity,Medium,1000,6,8,Intermittent,3,85.0389205185114,5.63939437108828,79.4190871369295,90.6976744186046,18.4068709950866,19.9996473545821,1065.66666666667,53.6666666666667,99.333753678016,24,21
CheckSensitivity,High,2000,1,8,Frequent,3,10.8562952449114,0.426810869345665,10.4328018223235,11.2863479546575,NaN,NaN,2102.33333333333,105.666666666667,99.4746625923096,63.6666666666667,23
CheckSensitivity,High,2000,2,8,Frequent,3,21.3907651953594,0.717479973025806,20.7744874715262,22.1784130113356,NaN,NaN,2102.33333333333,105.666666666667,99.4746625923096,49.3333333333333,46
CheckSensitivity,High,2000,3,8,Frequent,3,32.5943586031038,1.1353677044722,31.6628701594533,33.8590438639724,NaN,NaN,2102.33333333333,105.666666666667,99.4746625923096,49.3333333333333,66.3333333333333
CheckSensitivity,High,2000,4,8,Frequent,3,43.1444052202887,1.39627582687977,42.004555808656,44.7018235584032,23.6788821405927,NaN,2102.33333333333,105.666666666667,99.4746625923096,49.3333333333333,64
CheckSensitivity,High,2000,5,8,Frequent,3,52.8763435799842,1.81304496583587,51.2072892938497,54.8053228191227,21.6443121451318,22.7127581283114,2102.33333333333,105.666666666667,99.4746625923096,49.3333333333333,61.6666666666667
CheckSensitivity,High,2000,6,8,Frequent,3,62.9642338789165,2.09099927802831,61.2756264236902,65.3031049778216,19.980002268649,21.075173093842,2102.33333333333,105.666666666667,99.4746625923096,49.3333333333333,59.6666666666667
CheckSensitivity,High,2000,1,8,Reference,3,10.8829400269313,0.240673830388097,10.6605922551253,11.1384918679152,NaN,NaN,2102.33333333333,105.666666666667,99.4746625923096,64,23
CheckSensitivity,High,2000,2,8,Reference,3,21.3960118223808,0.336572568814502,21.1845102505695,21.7841301133563,NaN,NaN,2102.33333333333,105.666666666667,99.4746625923096,49.3333333333333,46
CheckSensitivity,High,2000,3,8,Reference,3,32.384792901824,0.345182258515325,32.1184510250569,32.7747658945293,NaN,NaN,2102.33333333333,105.666666666667,99.4746625923096,49.3333333333333,66.3333333333333
CheckSensitivity,High,2000,4,8,Reference,3,42.8930087081356,0.80231858727054,42.1867881548975,43.7654016757023,23.8223257353745,NaN,2102.33333333333,105.666666666667,99.4746625923096,49.3333333333333,63.6666666666667
CheckSensitivity,High,2000,5,8,Reference,3,52.6428948732479,0.720279368265554,51.9362186788155,53.3760473139478,21.6654937935736,22.7340159971762,2102.33333333333,105.666666666667,99.4746625923096,49.3333333333333,62.3333333333333
CheckSensitivity,High,2000,6,8,Reference,3,62.7285772478273,0.436354491505587,62.3139702352376,63.1838344011828,19.9994340881797,21.0977894926308,2102.33333333333,105.666666666667,99.4746625923096,49.3333333333333,59.6666666666667
CheckSensitivity,High,2000,1,8,Intermittent,3,9.72331189467119,0.201282984157768,9.60153624579933,9.95564317397733,NaN,NaN,2102.33333333333,105.666666666667,99.4746625923096,66,23
CheckSensitivity,High,2000,2,8,Intermittent,3,19.2734358573881,0.51373041626744,18.9150264042247,19.8620009857072,NaN,NaN,2102.33333333333,105.666666666667,99.4746625923096,52,46
CheckSensitivity,High,2000,3,8,Intermittent,3,28.645437443024,0.918539951762964,27.7964474315891,29.6205027106949,NaN,NaN,2102.33333333333,105.666666666667,99.4746625923096,49.3333333333333,66
CheckSensitivity,High,2000,4,8,Intermittent,3,38.6265996463093,1.30093907912247,37.5420067210754,40.0689995071464,NaN,NaN,2102.33333333333,105.666666666667,99.4746625923096,49.3333333333333,64.3333333333333
CheckSensitivity,High,2000,5,8,Intermittent,3,47.6844448477924,1.3126260362064,46.7594815170427,49.1867915229177,22.2056380817737,22.826616326541,2102.33333333333,105.666666666667,99.4746625923096,49.3333333333333,62.6666666666667
CheckSensitivity,High,2000,6,8,Intermittent,3,56.1304381666418,1.89551159316311,54.8247719635142,58.304583538689,20.5383231168044,21.6902743616866,2102.33333333333,105.666666666667,99.4746625923096,49.3333333333333,59.6666666666667
