Experiment,VolumeLabel,TargetSlidesPerDay,WorkloadMultiplier,Replication,ActiveScanners,TechStartHr,TechEndHr,CheckPolicy,CheckMinMin,CheckMaxMin,InputCases,InputSlides,InputRacks,MeanRackFillPct,MedianRackFillPct,ReadyByPrimaryCutoff,PctReadyByPrimaryCutoff,PrimaryCutoffHr,T90Hr,T95Hr,RacksCompletedAtStop,SlidesScannedAtStop,ReviewReadyAtStop,ScannersUsed,EnabledRackSpread,MaxLoadingQueue,MaxFleetScannerQueue,MinFreeSlots,MaxFreeSlots,PerScannerCapacityOK,FleetArithmeticOK,ScannerBusySignalsOK,SelectionEnabledOK,SelectionTransitions,ControlMessagesObserved,ControlMessagePathOK,DisabledScannersIdle,CountsCausalOK,RunOK,SimulationSeed
Primary,Low,500,1.47956758573635,1,1,8,19.5,Reference,10,30,132,654,33,99.0909090909091,100,215,32.8746177370031,17.5,NaN,NaN,25,486,460,1,0,14,23,0,23,1,1,1,1,0,0,1,1,1,1,1072108
Primary,Low,500,1.47956758573635,1,2,8,19.5,Reference,10,30,132,654,33,99.0909090909091,100,422,64.5259938837921,17.5,20.0091218309366,NaN,31,620,618,2,3,14,20,26,46,1,1,1,1,42,42,1,1,1,1,1072208
Primary,Low,500,1.47956758573635,1,3,8,19.5,Reference,10,30,132,654,33,99.0909090909091,100,556,85.0152905198777,17.5,19.7463370664332,NaN,31,620,619,3,2,14,18,51,69,1,1,1,1,35,35,1,1,1,1,1072308
Primary,Low,500,1.47956758573635,1,4,8,19.5,Reference,10,30,132,654,33,99.0909090909091,100,561,85.7798165137615,17.5,19.433469187833,NaN,31,620,619,4,4,14,15,77,92,1,1,1,1,39,39,1,1,1,1,1072408
Primary,Low,500,1.47956758573635,1,5,8,19.5,Reference,10,30,132,654,33,99.0909090909091,100,562,85.9327217125382,17.5,19.7885241563236,NaN,31,620,619,5,4,14,12,103,115,1,1,1,1,40,40,1,1,1,1,1072508
Primary,Low,500,1.47956758573635,1,6,8,19.5,Reference,10,30,132,654,33,99.0909090909091,100,558,85.3211009174312,17.5,20.3021876419918,NaN,31,620,619,6,4,14,9,129,138,1,1,1,1,35,35,1,1,1,1,1072608
Primary,Low,500,1.47956758573635,1,1,9,19.5,Reference,10,30,132,654,33,99.0909090909091,100,185,28.2874617737003,17.5,NaN,NaN,24,461,437,1,0,14,22,1,23,1,1,1,1,0,0,1,1,1,1,1072109
Primary,Low,500,1.47956758573635,1,2,9,19.5,Reference,10,30,132,654,33,99.0909090909091,100,377,57.6452599388379,17.5,20.4021536989963,NaN,31,620,618,2,1,14,21,25,46,1,1,1,1,44,44,1,1,1,1,1072209
Primary,Low,500,1.47956758573635,1,3,9,19.5,Reference,10,30,132,654,33,99.0909090909091,100,533,81.4984709480122,17.5,19.0589806896103,NaN,31,620,619,3,3,14,18,51,69,1,1,1,1,34,34,1,1,1,1,1072309
Primary,Low,500,1.47956758573635,1,4,9,19.5,Reference,10,30,132,654,33,99.0909090909091,100,560,85.6269113149847,17.5,19.2206897956758,NaN,31,620,619,4,4,14,15,77,92,1,1,1,1,41,41,1,1,1,1,1072409
Primary,Low,500,1.47956758573635,1,5,9,19.5,Reference,10,30,132,654,33,99.0909090909091,100,568,86.8501529051988,17.5,19.520027541175,NaN,31,620,619,5,4,14,12,103,115,1,1,1,1,34,34,1,1,1,1,1072509
Primary,Low,500,1.47956758573635,1,6,9,19.5,Reference,10,30,132,654,33,99.0909090909091,100,568,86.8501529051988,17.5,19.3885891590956,NaN,31,620,619,6,3,14,9,129,138,1,1,1,1,29,29,1,1,1,1,1072609
Primary,Low,500,1.47956758573635,1,1,10,19.5,Reference,10,30,132,654,33,99.0909090909091,100,157,24.0061162079511,17.5,NaN,NaN,22,430,415,1,0,25,22,1,23,1,1,1,1,0,0,1,1,1,1,1072110
Primary,Low,500,1.47956758573635,1,2,10,19.5,Reference,10,30,132,654,33,99.0909090909091,100,320,48.9296636085627,17.5,21.1777817971904,NaN,31,620,617,2,1,25,21,25,46,1,1,1,1,48,48,1,1,1,1,1072210
Primary,Low,500,1.47956758573635,1,3,10,19.5,Reference,10,30,132,654,33,99.0909090909091,100,472,72.17125382263,17.5,19.1758839312381,NaN,31,620,618,3,2,25,18,51,69,1,1,1,1,35,35,1,1,1,1,1072310
Primary,Low,500,1.47956758573635,1,4,10,19.5,Reference,10,30,132,654,33,99.0909090909091,100,543,83.0275229357798,17.5,19.2616259111556,NaN,31,620,619,4,2,25,15,77,92,1,1,1,1,41,41,1,1,1,1,1072410
Primary,Low,500,1.47956758573635,1,5,10,19.5,Reference,10,30,132,654,33,99.0909090909091,100,557,85.1681957186544,17.5,19.3534058312738,NaN,31,620,619,5,3,25,12,103,115,1,1,1,1,36,36,1,1,1,1,1072510
Primary,Low,500,1.47956758573635,1,6,10,19.5,Reference,10,30,132,654,33,99.0909090909091,100,559,85.4740061162079,17.5,20.186551344262,NaN,31,620,619,6,4,25,9,129,138,1,1,1,1,32,32,1,1,1,1,1072610
Primary,Low,500,1.47956758573635,1,1,11,19.5,Reference,10,30,132,654,33,99.0909090909091,100,108,16.5137614678899,17.5,NaN,NaN,19,379,353,1,0,27,23,0,23,1,1,1,1,0,0,1,1,1,1,1072111
Primary,Low,500,1.47956758573635,1,2,11,19.5,Reference,10,30,132,654,33,99.0909090909091,100,218,33.3333333333333,17.5,22.784447463857,NaN,31,620,612,2,1,27,21,25,46,1,1,1,1,46,46,1,1,1,1,1072211
Primary,Low,500,1.47956758573635,1,3,11,19.5,Reference,10,30,132,654,33,99.0909090909091,100,320,48.9296636085627,17.5,20.6104307934925,NaN,31,620,618,3,3,27,18,51,69,1,1,1,1,41,41,1,1,1,1,1072311
Primary,Low,500,1.47956758573635,1,4,11,19.5,Reference,10,30,132,654,33,99.0909090909091,100,424,64.8318042813456,17.5,19.5528613372287,NaN,31,620,618,4,3,27,15,77,92,1,1,1,1,41,41,1,1,1,1,1072411
Primary,Low,500,1.47956758573635,1,5,11,19.5,Reference,10,30,132,654,33,99.0909090909091,100,499,76.2996941896024,17.5,19.7696262313246,NaN,31,620,619,5,4,27,12,103,115,1,1,1,1,37,37,1,1,1,1,1072511
Primary,Low,500,1.47956758573635,1,6,11,19.5,Reference,10,30,132,654,33,99.0909090909091,100,532,81.3455657492355,17.5,19.7767158412295,NaN,31,620,619,6,3,27,9,129,138,1,1,1,1,37,37,1,1,1,1,1072611
Primary,Low,500,1.47956758573635,1,1,12,19.5,Reference,10,30,132,654,33,99.0909090909091,100,98,14.9847094801223,17.5,NaN,NaN,18,357,338,1,0,27,23,0,23,1,1,1,1,0,0,1,1,1,1,1072112
Primary,Low,500,1.47956758573635,1,2,12,19.5,Reference,10,30,132,654,33,99.0909090909091,100,192,29.3577981651376,17.5,23.1777817971904,NaN,31,620,610,2,1,27,21,25,46,1,1,1,1,48,48,1,1,1,1,1072212
Primary,Low,500,1.47956758573635,1,3,12,19.5,Reference,10,30,132,654,33,99.0909090909091,100,280,42.8134556574924,17.5,20.8177121925778,NaN,31,620,618,3,1,27,19,50,69,1,1,1,1,41,41,1,1,1,1,1072312
Primary,Low,500,1.47956758573635,1,4,12,19.5,Reference,10,30,132,654,33,99.0909090909091,100,380,58.1039755351682,17.5,20.0734614331465,NaN,31,620,618,4,3,27,15,77,92,1,1,1,1,40,40,1,1,1,1,1072412
Primary,Low,500,1.47956758573635,1,5,12,19.5,Reference,10,30,132,654,33,99.0909090909091,100,462,70.6422018348624,17.5,19.6273966235209,NaN,31,620,618,5,2,27,13,102,115,1,1,1,1,36,36,1,1,1,1,1072512
Primary,Low,500,1.47956758573635,1,6,12,19.5,Reference,10,30,132,654,33,99.0909090909091,100,523,79.9694189602447,17.5,19.397075126309,NaN,31,620,619,6,3,27,10,128,138,1,1,1,1,35,35,1,1,1,1,1072612
Primary,Low,500,1.47956758573635,2,1,8,19.5,Reference,10,30,65,270,14,96.4285714285714,100,208,77.037037037037,17.5,19.4068568153388,22.3982287110812,13,260,259,1,0,4,5,18,23,1,1,1,1,0,0,1,1,1,1,1082108
Primary,Low,500,1.47956758573635,2,2,8,19.5,Reference,10,30,65,270,14,96.4285714285714,100,210,77.7777777777778,17.5,19.719670004921,21.339962265169,13,260,259,2,1,4,2,44,46,1,1,1,1,10,10,1,1,1,1,1082208
Primary,Low,500,1.47956758573635,2,3,8,19.5,Reference,10,30,65,270,14,96.4285714285714,100,209,77.4074074074074,17.5,19.7901844332723,21.468666188312,13,260,259,3,6,4,1,68,69,1,1,1,1,17,17,1,1,1,1,1082308
Primary,Low,500,1.47956758573635,2,4,8,19.5,Reference,10,30,65,270,14,96.4285714285714,100,210,77.7777777777778,17.5,19.7901844332723,21.468666188312,13,260,259,4,6,4,1,91,92,1,1,1,1,18,18,1,1,1,1,1082408
Primary,Low,500,1.47956758573635,2,5,8,19.5,Reference,10,30,65,270,14,96.4285714285714,100,227,84.0740740740741,17.5,19.7018653224031,21.3221575826511,13,260,259,5,6,4,1,114,115,1,1,1,1,21,21,1,1,1,1,1082508
Primary,Low,500,1.47956758573635,2,6,8,19.5,Reference,10,30,65,270,14,96.4285714285714,100,217,80.3703703703704,17.5,19.4158247064359,20.9951492943533,13,260,259,6,5,4,0,138,138,1,1,1,1,17,17,1,1,1,1,1082608
Primary,Low,500,1.47956758573635,2,1,9,19.5,Reference,10,30,65,270,14,96.4285714285714,100,168,62.2222222222222,17.5,19.3990743020583,22.1988840808183,13,260,259,1,0,4,5,18,23,1,1,1,1,0,0,1,1,1,1,1082109
Primary,Low,500,1.47956758573635,2,2,9,19.5,Reference,10,30,65,270,14,96.4285714285714,100,228,84.4444444444444,17.5,19.5368012849469,21.4125566791657,13,260,259,2,1,4,2,44,46,1,1,1,1,12,12,1,1,1,1,1082209
Primary,Low,500,1.47956758573635,2,3,9,19.5,Reference,10,30,65,270,14,96.4285714285714,100,226,83.7037037037037,17.5,19.578409035917,21.198701296165,13,260,259,3,6,4,2,67,69,1,1,1,1,19,19,1,1,1,1,1082309
Primary,Low,500,1.47956758573635,2,4,9,19.5,Reference,10,30,65,270,14,96.4285714285714,100,222,82.2222222222222,17.5,18.9476913960319,20.9110229766165,13,260,259,4,5,4,2,90,92,1,1,1,1,17,17,1,1,1,1,1082409
Primary,Low,500,1.47956758573635,2,5,9,19.5,Reference,10,30,65,270,14,96.4285714285714,100,228,84.4444444444444,17.5,19.0551375543902,20.6981166560484,13,260,259,5,5,4,1,114,115,1,1,1,1,19,19,1,1,1,1,1082509
Primary,Low,500,1.47956758573635,2,6,9,19.5,Reference,10,30,65,270,14,96.4285714285714,100,226,83.7037037037037,17.5,18.8868992729878,20.5647833227151,13,260,259,6,5,4,1,137,138,1,1,1,1,19,19,1,1,1,1,1082609
Primary,Low,500,1.47956758573635,2,1,10,19.5,Reference,10,30,65,270,14,96.4285714285714,100,157,58.1481481481481,17.5,19.5957382955094,22.3955480742694,13,260,259,1,0,6,5,18,23,1,1,1,1,0,0,1,1,1,1,1082110
Primary,Low,500,1.47956758573635,2,2,10,19.5,Reference,10,30,65,270,14,96.4285714285714,100,196,72.5925925925926,17.5,19.441046653205,21.6092206726169,13,260,259,2,1,6,2,44,46,1,1,1,1,12,12,1,1,1,1,1082210
Primary,Low,500,1.47956758573635,2,3,10,19.5,Reference,10,30,65,270,14,96.4285714285714,100,197,72.962962962963,17.5,19.4018772205234,21.3328169235085,13,260,259,3,6,6,2,67,69,1,1,1,1,19,19,1,1,1,1,1082310
Primary,Low,500,1.47956758573635,2,4,10,19.5,Reference,10,30,65,270,14,96.4285714285714,100,202,74.8148148148148,17.5,19.0363543842271,21.1076869700677,13,260,259,4,5,6,2,90,92,1,1,1,1,17,17,1,1,1,1,1082410
Primary,Low,500,1.47956758573635,2,5,10,19.5,Reference,10,30,65,270,14,96.4285714285714,100,211,78.1481481481482,17.5,19.3999439415143,20.9291027759127,13,260,259,5,5,6,1,114,115,1,1,1,1,20,20,1,1,1,1,1082510
Primary,Low,500,1.47956758573635,2,6,10,19.5,Reference,10,30,65,270,14,96.4285714285714,100,221,81.8518518518518,17.5,19.4581504317355,20.9873092661339,13,260,259,6,5,6,1,137,138,1,1,1,1,20,20,1,1,1,1,1082610
Primary,Low,500,1.47956758573635,2,1,11,19.5,Reference,10,30,65,270,14,96.4285714285714,100,108,40,17.5,21.2024039621761,NaN,13,260,256,1,0,8,6,17,23,1,1,1,1,0,0,1,1,1,1,1082111
Primary,Low,500,1.47956758573635,2,2,11,19.5,Reference,10,30,65,270,14,96.4285714285714,100,206,76.2962962962963,17.5,19.0099570360137,21.8053503830988,13,260,259,2,3,8,2,44,46,1,1,1,1,12,12,1,1,1,1,1082211
Primary,Low,500,1.47956758573635,2,3,11,19.5,Reference,10,30,65,270,14,96.4285714285714,100,224,82.962962962963,17.5,19.1743100001802,22.1651811481861,13,260,259,3,4,8,2,67,69,1,1,1,1,16,16,1,1,1,1,1082311
Primary,Low,500,1.47956758573635,2,4,11,19.5,Reference,10,30,65,270,14,96.4285714285714,100,225,83.3333333333333,17.5,19.194287158765,22.1851583067709,13,260,259,4,5,8,1,91,92,1,1,1,1,16,16,1,1,1,1,1082411
Primary,Low,500,1.47956758573635,2,5,11,19.5,Reference,10,30,65,270,14,96.4285714285714,100,226,83.7037037037037,17.5,19.1223130475738,22.1131841955797,13,260,259,5,5,8,1,114,115,1,1,1,1,15,15,1,1,1,1,1082511
Primary,Low,500,1.47956758573635,2,6,11,19.5,Reference,10,30,65,270,14,96.4285714285714,100,225,83.3333333333333,17.5,19.2741451956251,22.265016343631,13,260,259,6,5,8,1,137,138,1,1,1,1,19,19,1,1,1,1,1082611
Primary,Low,500,1.47956758573635,2,1,12,19.5,Reference,10,30,65,270,14,96.4285714285714,100,98,36.2962962962963,17.5,21.5957382955094,NaN,13,260,255,1,0,8,6,17,23,1,1,1,1,0,0,1,1,1,1,1082112
Primary,Low,500,1.47956758573635,2,2,12,19.5,Reference,10,30,65,270,14,96.4285714285714,100,184,68.1481481481482,17.5,19.2312286050788,21.9331228890668,13,260,259,2,1,8,4,42,46,1,1,1,1,10,10,1,1,1,1,1082212
Primary,Low,500,1.47956758573635,2,3,12,19.5,Reference,10,30,65,270,14,96.4285714285714,100,225,83.3333333333333,17.5,19.1457794609562,22.0721248729191,13,260,259,3,3,8,2,67,69,1,1,1,1,16,16,1,1,1,1,1082312
Primary,Low,500,1.47956758573635,2,4,12,19.5,Reference,10,30,65,270,14,96.4285714285714,100,225,83.3333333333333,17.5,19.4407465013251,22.5184528692128,13,260,259,4,3,8,2,90,92,1,1,1,1,14,14,1,1,1,1,1082412
Primary,Low,500,1.47956758573635,2,5,12,19.5,Reference,10,30,65,270,14,96.4285714285714,100,226,83.7037037037037,17.5,19.2555598647335,22.3332662326212,13,260,259,5,4,8,1,114,115,1,1,1,1,16,16,1,1,1,1,1082512
Primary,Low,500,1.47956758573635,2,6,12,19.5,Reference,10,30,65,270,14,96.4285714285714,100,227,84.0740740740741,17.5,19.3592400076265,22.4369463755142,13,260,259,6,4,8,1,137,138,1,1,1,1,17,17,1,1,1,1,1082612
Primary,Low,500,1.47956758573635,3,1,8,19.5,Reference,10,30,104,521,27,96.4814814814815,100,214,41.0748560460653,17.5,NaN,NaN,25,485,459,1,0,15,14,9,23,1,1,1,1,0,0,1,1,1,1,1092108
Primary,Low,500,1.47956758573635,3,2,8,19.5,Reference,10,30,104,521,27,96.4814814814815,100,420,80.6142034548944,17.5,18.1547722487545,19.1133499724953,27,521,519,2,1,15,11,35,46,1,1,1,1,42,42,1,1,1,1,1092208
Primary,Low,500,1.47956758573635,3,3,8,19.5,Reference,10,30,104,521,27,96.4814814814815,100,477,91.5547024952015,17.5,17.3533334850644,18.1665877512177,27,521,519,3,3,15,8,61,69,1,1,1,1,35,35,1,1,1,1,1092308
Primary,Low,500,1.47956758573635,3,4,8,19.5,Reference,10,30,104,521,27,96.4814814814815,100,484,92.8982725527831,17.5,17.1189359567703,18.1665877512177,27,521,519,4,4,15,5,87,92,1,1,1,1,35,35,1,1,1,1,1092408
Primary,Low,500,1.47956758573635,3,5,8,19.5,Reference,10,30,104,521,27,96.4814814814815,100,479,91.9385796545106,17.5,17.3076216115062,18.1921844352428,27,521,519,5,6,15,4,111,115,1,1,1,1,33,33,1,1,1,1,1092508
Primary,Low,500,1.47956758573635,3,6,8,19.5,Reference,10,30,104,521,27,96.4814814814815,100,489,93.8579654510557,17.5,17.0953489197531,18.1665877512177,27,521,519,6,5,15,3,135,138,1,1,1,1,31,31,1,1,1,1,1092608
Primary,Low,500,1.47956758573635,3,1,9,19.5,Reference,10,30,104,521,27,96.4814814814815,100,172,33.0134357005758,17.5,NaN,NaN,23,445,425,1,0,15,16,7,23,1,1,1,1,0,0,1,1,1,1,1092109
Primary,Low,500,1.47956758573635,3,2,9,19.5,Reference,10,30,104,521,27,96.4814814814815,100,352,67.5623800383877,17.5,19.1147722487545,19.7314936327075,27,521,519,2,3,15,11,35,46,1,1,1,1,44,44,1,1,1,1,1092209
Primary,Low,500,1.47956758573635,3,3,9,19.5,Reference,10,30,104,521,27,96.4814814814815,100,474,90.978886756238,17.5,17.4512713691282,18.8189264260806,27,521,519,3,2,15,8,61,69,1,1,1,1,36,36,1,1,1,1,1092309
Primary,Low,500,1.47956758573635,3,4,9,19.5,Reference,10,30,104,521,27,96.4814814814815,100,469,90.0191938579654,17.5,17.4889881064219,18.8295727672557,27,521,519,4,4,15,5,87,92,1,1,1,1,34,34,1,1,1,1,1092409
Primary,Low,500,1.47956758573635,3,5,9,19.5,Reference,10,30,104,521,27,96.4814814814815,100,467,89.6353166986564,17.5,17.5302159998494,18.6554848672707,27,521,519,5,6,15,4,111,115,1,1,1,1,32,32,1,1,1,1,1092509
Primary,Low,500,1.47956758573635,3,6,9,19.5,Reference,10,30,104,521,27,96.4814814814815,100,455,87.3320537428023,17.5,17.958322574748,19.1265877512177,27,521,519,6,5,15,3,135,138,1,1,1,1,34,34,1,1,1,1,1092609
Primary,Low,500,1.47956758573635,3,1,10,19.5,Reference,10,30,104,521,27,96.4814814814815,100,157,30.1343570057582,17.5,NaN,NaN,22,430,415,1,0,15,16,7,23,1,1,1,1,0,0,1,1,1,1,1092110
Primary,Low,500,1.47956758573635,3,2,10,19.5,Reference,10,30,104,521,27,96.4814814814815,100,320,61.4203454894434,17.5,19.4708281281548,20.0732354082243,27,521,519,2,1,15,11,35,46,1,1,1,1,42,42,1,1,1,1,1092210
Primary,Low,500,1.47956758573635,3,3,10,19.5,Reference,10,30,104,521,27,96.4814814814815,100,445,85.4126679462572,17.5,18.0475647287966,18.8795447965556,27,521,519,3,4,15,8,61,69,1,1,1,1,35,35,1,1,1,1,1092310
Primary,Low,500,1.47956758573635,3,4,10,19.5,Reference,10,30,104,521,27,96.4814814814815,100,471,90.4030710172745,17.5,17.431360668788,18.9850057780379,27,521,519,4,5,15,5,87,92,1,1,1,1,32,32,1,1,1,1,1092410
Primary,Low,500,1.47956758573635,3,5,10,19.5,Reference,10,30,104,521,27,96.4814814814815,100,453,86.9481765834933,17.5,17.8193356673762,18.8384876756404,27,521,519,5,6,15,4,111,115,1,1,1,1,30,30,1,1,1,1,1092510
Primary,Low,500,1.47956758573635,3,6,10,19.5,Reference,10,30,104,521,27,96.4814814814815,100,464,89.0595009596929,17.5,17.5981956629122,18.7771293875293,27,521,519,6,6,15,3,135,138,1,1,1,1,33,33,1,1,1,1,1092610
Primary,Low,500,1.47956758573635,3,1,11,19.5,Reference,10,30,104,521,27,96.4814814814815,100,108,20.7293666026871,17.5,NaN,NaN,19,379,353,1,0,17,19,4,23,1,1,1,1,0,0,1,1,1,1,1092111
Primary,Low,500,1.47956758573635,3,2,11,19.5,Reference,10,30,104,521,27,96.4814814814815,100,218,41.8426103646833,17.5,21.0203767109109,21.3773745268029,27,521,518,2,1,17,15,31,46,1,1,1,1,44,44,1,1,1,1,1092211
Primary,Low,500,1.47956758573635,3,3,11,19.5,Reference,10,30,104,521,27,96.4814814814815,100,320,61.4203454894434,17.5,19.2672814216516,19.826888170254,27,521,519,3,3,17,11,58,69,1,1,1,1,39,39,1,1,1,1,1092311
Primary,Low,500,1.47956758573635,3,4,11,19.5,Reference,10,30,104,521,27,96.4814814814815,100,415,79.6545105566219,17.5,18.5466186610118,19.3455176824414,27,521,519,4,3,17,7,85,92,1,1,1,1,35,35,1,1,1,1,1092411
Primary,Low,500,1.47956758573635,3,5,11,19.5,Reference,10,30,104,521,27,96.4814814814815,100,464,89.0595009596929,17.5,17.6314309972753,19.2532172632107,27,521,519,5,3,17,4,111,115,1,1,1,1,29,29,1,1,1,1,1092511
Primary,Low,500,1.47956758573635,3,6,11,19.5,Reference,10,30,104,521,27,96.4814814814815,100,470,90.21113243762,17.5,17.4664297201546,19.0810275541128,27,521,519,6,4,17,4,134,138,1,1,1,1,32,32,1,1,1,1,1092611
Primary,Low,500,1.47956758573635,3,1,12,19.5,Reference,10,30,104,521,27,96.4814814814815,100,98,18.809980806142,17.5,NaN,NaN,18,357,338,1,0,17,19,4,23,1,1,1,1,0,0,1,1,1,1,1092112
Primary,Low,500,1.47956758573635,3,2,12,19.5,Reference,10,30,104,521,27,96.4814814814815,100,196,37.6199616122841,17.5,21.3493033522822,21.7160113778264,27,521,518,2,1,17,17,29,46,1,1,1,1,44,44,1,1,1,1,1092212
Primary,Low,500,1.47956758573635,3,3,12,19.5,Reference,10,30,104,521,27,96.4814814814815,100,287,55.0863723608445,17.5,19.6049346453248,20.128593323971,27,521,519,3,2,17,14,55,69,1,1,1,1,37,37,1,1,1,1,1092312
Primary,Low,500,1.47956758573635,3,4,12,19.5,Reference,10,30,104,521,27,96.4814814814815,100,382,73.320537428023,17.5,18.9399529943451,19.3740138125971,27,521,519,4,3,17,11,81,92,1,1,1,1,31,31,1,1,1,1,1092412
Primary,Low,500,1.47956758573635,3,5,12,19.5,Reference,10,30,104,521,27,96.4814814814815,100,449,86.1804222648752,17.5,17.8282871196904,18.9414329396882,27,521,519,5,1,17,8,107,115,1,1,1,1,29,29,1,1,1,1,1092512
Primary,Low,500,1.47956758573635,3,6,12,19.5,Reference,10,30,104,521,27,96.4814814814815,100,459,88.0998080614203,17.5,17.7556608837896,18.8882597211986,27,521,519,6,3,17,6,132,138,1,1,1,1,31,31,1,1,1,1,1092612
Primary,Medium,1000,2.95913517147269,1,1,8,19.5,Reference,10,30,221,1032,52,99.2307692307692,100,226,21.8992248062016,17.5,NaN,NaN,25,494,466,1,0,21,23,0,23,1,1,1,1,0,0,1,1,1,1,2072108
Primary,Medium,1000,2.95913517147269,1,2,8,19.5,Reference,10,30,221,1032,52,99.2307692307692,100,442,42.8294573643411,17.5,23.8995319242134,NaN,50,986,937,2,0,21,32,14,46,1,1,1,1,64,64,1,1,1,1,2072208
Primary,Medium,1000,2.95913517147269,1,3,8,19.5,Reference,10,30,221,1032,52,99.2307692307692,100,661,64.0503875968992,17.5,19.7785994810673,20.3732254815885,51,1020,1015,3,0,21,29,40,69,1,1,1,1,66,66,1,1,1,1,2072308
Primary,Medium,1000,2.95913517147269,1,4,8,19.5,Reference,10,30,221,1032,52,99.2307692307692,100,872,84.4961240310078,17.5,18.2238012370829,19.3783690467391,51,1020,1017,4,3,21,26,66,92,1,1,1,1,62,62,1,1,1,1,2072408
Primary,Medium,1000,2.95913517147269,1,5,8,19.5,Reference,10,30,221,1032,52,99.2307692307692,100,933,90.4069767441861,17.5,17.2606250018388,19.3872332882994,51,1020,1017,5,3,21,23,92,115,1,1,1,1,64,64,1,1,1,1,2072508
Primary,Medium,1000,2.95913517147269,1,6,8,19.5,Reference,10,30,221,1032,52,99.2307692307692,100,940,91.0852713178295,17.5,17.1614354046092,19.2450048491866,51,1020,1017,6,4,21,20,118,138,1,1,1,1,60,60,1,1,1,1,2072608
Primary,Medium,1000,2.95913517147269,1,1,9,19.5,Reference,10,30,221,1032,52,99.2307692307692,100,187,18.1201550387597,17.5,NaN,NaN,24,461,441,1,0,24,23,0,23,1,1,1,1,0,0,1,1,1,1,2072109
Primary,Medium,1000,2.95913517147269,1,2,9,19.5,Reference,10,30,221,1032,52,99.2307692307692,100,378,36.6279069767442,17.5,NaN,NaN,47,920,882,2,1,21,35,11,46,1,1,1,1,70,70,1,1,1,1,2072209
Primary,Medium,1000,2.95913517147269,1,3,9,19.5,Reference,10,30,221,1032,52,99.2307692307692,100,553,53.5852713178295,17.5,20.5633690709859,21.1475848636365,51,1020,1014,3,0,21,32,37,69,1,1,1,1,65,65,1,1,1,1,2072309
Primary,Medium,1000,2.95913517147269,1,4,9,19.5,Reference,10,30,221,1032,52,99.2307692307692,100,748,72.4806201550388,17.5,18.8797755236984,19.6878917000803,51,1020,1016,4,1,21,28,64,92,1,1,1,1,61,61,1,1,1,1,2072409
Primary,Medium,1000,2.95913517147269,1,5,9,19.5,Reference,10,30,221,1032,52,99.2307692307692,100,888,86.046511627907,17.5,18.250259565975,19.1721995840795,51,1020,1017,5,4,21,24,91,115,1,1,1,1,65,65,1,1,1,1,2072509
Primary,Medium,1000,2.95913517147269,1,6,9,19.5,Reference,10,30,221,1032,52,99.2307692307692,100,929,90.0193798449612,17.5,17.4939441925865,19.1850884162139,51,1020,1017,6,3,21,20,118,138,1,1,1,1,61,61,1,1,1,1,2072609
Primary,Medium,1000,2.95913517147269,1,1,10,19.5,Reference,10,30,221,1032,52,99.2307692307692,100,157,15.2131782945736,17.5,NaN,NaN,22,430,415,1,0,36,23,0,23,1,1,1,1,0,0,1,1,1,1,2072110
Primary,Medium,1000,2.95913517147269,1,2,10,19.5,Reference,10,30,221,1032,52,99.2307692307692,100,320,31.0077519379845,17.5,NaN,NaN,44,858,825,2,0,36,36,10,46,1,1,1,1,69,69,1,1,1,1,2072210
Primary,Medium,1000,2.95913517147269,1,3,10,19.5,Reference,10,30,221,1032,52,99.2307692307692,100,472,45.7364341085271,17.5,21.3543895554507,21.9491973645632,51,1020,1012,3,0,36,34,35,69,1,1,1,1,50,50,1,1,1,1,2072310
Primary,Medium,1000,2.95913517147269,1,4,10,19.5,Reference,10,30,221,1032,52,99.2307692307692,100,621,60.1744186046512,17.5,19.4297087871529,20.1856418181402,51,1020,1015,4,2,36,31,61,92,1,1,1,1,56,56,1,1,1,1,2072410
Primary,Medium,1000,2.95913517147269,1,5,10,19.5,Reference,10,30,221,1032,52,99.2307692307692,100,773,74.9031007751938,17.5,18.6482329670987,19.3525094251343,51,1020,1017,5,3,36,28,87,115,1,1,1,1,59,59,1,1,1,1,2072510
Primary,Medium,1000,2.95913517147269,1,6,10,19.5,Reference,10,30,221,1032,52,99.2307692307692,100,880,85.2713178294574,17.5,18.1717113793952,19.4280156018553,51,1020,1017,6,4,36,25,113,138,1,1,1,1,58,58,1,1,1,1,2072610
Primary,Medium,1000,2.95913517147269,1,1,11,19.5,Reference,10,30,221,1032,52,99.2307692307692,100,110,10.6589147286822,17.5,NaN,NaN,20,380,363,1,0,38,23,0,23,1,1,1,1,0,0,1,1,1,1,2072111
Primary,Medium,1000,2.95913517147269,1,2,11,19.5,Reference,10,30,221,1032,52,99.2307692307692,100,225,21.8023255813953,17.5,NaN,NaN,40,760,725,2,0,38,38,8,46,1,1,1,1,65,65,1,1,1,1,2072211
Primary,Medium,1000,2.95913517147269,1,3,11,19.5,Reference,10,30,221,1032,52,99.2307692307692,100,330,31.9767441860465,17.5,22.7733050845792,23.3575208772298,51,1020,1000,3,0,38,35,34,69,1,1,1,1,66,66,1,1,1,1,2072311
Primary,Medium,1000,2.95913517147269,1,4,11,19.5,Reference,10,30,221,1032,52,99.2307692307692,100,443,42.9263565891473,17.5,20.8257154881899,21.39302687414,51,1020,1013,4,1,38,32,60,92,1,1,1,1,71,71,1,1,1,1,2072411
Primary,Medium,1000,2.95913517147269,1,5,11,19.5,Reference,10,30,221,1032,52,99.2307692307692,100,543,52.6162790697674,17.5,20.0232666240556,20.719611895888,51,1020,1014,5,3,38,29,86,115,1,1,1,1,65,65,1,1,1,1,2072511
Primary,Medium,1000,2.95913517147269,1,6,11,19.5,Reference,10,30,221,1032,52,99.2307692307692,100,652,63.1782945736434,17.5,19.0723235703251,19.6584751211068,51,1020,1016,6,1,38,26,112,138,1,1,1,1,64,64,1,1,1,1,2072611
Primary,Medium,1000,2.95913517147269,1,1,12,19.5,Reference,10,30,221,1032,52,99.2307692307692,100,98,9.49612403100775,17.5,NaN,NaN,18,357,338,1,0,42,23,0,23,1,1,1,1,0,0,1,1,1,1,2072112
Primary,Medium,1000,2.95913517147269,1,2,12,19.5,Reference,10,30,221,1032,52,99.2307692307692,100,192,18.6046511627907,17.5,NaN,NaN,36,711,670,2,0,42,38,8,46,1,1,1,1,69,69,1,1,1,1,2072212
Primary,Medium,1000,2.95913517147269,1,3,12,19.5,Reference,10,30,221,1032,52,99.2307692307692,100,281,27.2286821705426,17.5,23.3543895554507,23.9491973645632,51,1020,986,3,0,42,37,32,69,1,1,1,1,55,55,1,1,1,1,2072312
Primary,Medium,1000,2.95913517147269,1,4,12,19.5,Reference,10,30,221,1032,52,99.2307692307692,100,382,37.015503875969,17.5,21.417319471405,21.9862978267584,51,1020,1011,4,1,42,34,58,92,1,1,1,1,69,69,1,1,1,1,2072412
Primary,Medium,1000,2.95913517147269,1,5,12,19.5,Reference,10,30,221,1032,52,99.2307692307692,100,466,45.1550387596899,17.5,20.3000687394564,20.853491643582,51,1020,1013,5,1,42,31,84,115,1,1,1,1,68,68,1,1,1,1,2072512
Primary,Medium,1000,2.95913517147269,1,6,12,19.5,Reference,10,30,221,1032,52,99.2307692307692,100,553,53.5852713178295,17.5,19.7521073017836,20.3795542201326,51,1020,1015,6,3,42,28,110,138,1,1,1,1,63,63,1,1,1,1,2072612
Primary,Medium,1000,2.95913517147269,2,1,8,19.5,Reference,10,30,219,960,48,100,100,226,23.5416666666667,17.5,NaN,NaN,25,494,467,1,0,28,23,0,23,1,1,1,1,0,0,1,1,1,1,2082108
Primary,Medium,1000,2.95913517147269,2,2,8,19.5,Reference,10,30,219,960,48,100,100,437,45.5208333333333,17.5,22.9161787179748,NaN,46,920,908,2,0,28,32,14,46,1,1,1,1,68,68,1,1,1,1,2082208
Primary,Medium,1000,2.95913517147269,2,3,8,19.5,Reference,10,30,219,960,48,100,100,659,68.6458333333333,17.5,19.2698482563329,20.8056462454828,46,920,917,3,1,28,30,39,69,1,1,1,1,53,53,1,1,1,1,2082308
Primary,Medium,1000,2.95913517147269,2,4,8,19.5,Reference,10,30,219,960,48,100,100,836,87.0833333333333,17.5,17.8411652280776,19.9828572485619,46,920,919,4,4,28,27,65,92,1,1,1,1,62,62,1,1,1,1,2082408
Primary,Medium,1000,2.95913517147269,2,5,8,19.5,Reference,10,30,219,960,48,100,100,854,88.9583333333333,17.5,17.6110693771725,20.03902639752,46,920,919,5,5,28,24,91,115,1,1,1,1,57,57,1,1,1,1,2082508
Primary,Medium,1000,2.95913517147269,2,6,8,19.5,Reference,10,30,219,960,48,100,100,882,91.875,17.5,17.0351586128733,19.5923097636003,46,920,919,6,3,28,21,117,138,1,1,1,1,53,53,1,1,1,1,2082608
Primary,Medium,1000,2.95913517147269,2,1,9,19.5,Reference,10,30,219,960,48,100,100,171,17.8125,17.5,NaN,NaN,23,445,423,1,0,30,23,0,23,1,1,1,1,0,0,1,1,1,1,2082109
Primary,Medium,1000,2.95913517147269,2,2,9,19.5,Reference,10,30,219,960,48,100,100,346,36.0416666666667,17.5,NaN,NaN,45,884,851,2,1,28,31,15,46,1,1,1,1,62,62,1,1,1,1,2082209
Primary,Medium,1000,2.95913517147269,2,3,9,19.5,Reference,10,30,219,960,48,100,100,508,52.9166666666667,17.5,20.5004578871623,22.0403639460742,46,920,917,3,1,28,30,39,69,1,1,1,1,64,64,1,1,1,1,2082309
Primary,Medium,1000,2.95913517147269,2,4,9,19.5,Reference,10,30,219,960,48,100,100,683,71.1458333333333,17.5,18.7765224142213,20.6399736990009,46,920,917,4,2,28,27,65,92,1,1,1,1,66,66,1,1,1,1,2082409
Primary,Medium,1000,2.95913517147269,2,5,9,19.5,Reference,10,30,219,960,48,100,100,811,84.4791666666667,17.5,18.1102864578027,20.2225099246376,46,920,919,5,4,28,24,91,115,1,1,1,1,56,56,1,1,1,1,2082509
Primary,Medium,1000,2.95913517147269,2,6,9,19.5,Reference,10,30,219,960,48,100,100,858,89.375,17.5,17.6192974736526,19.89827058792,46,920,919,6,3,28,21,117,138,1,1,1,1,54,54,1,1,1,1,2082609
Primary,Medium,1000,2.95913517147269,2,1,10,19.5,Reference,10,30,219,960,48,100,100,157,16.3541666666667,17.5,NaN,NaN,22,430,415,1,0,37,23,0,23,1,1,1,1,0,0,1,1,1,1,2082110
Primary,Medium,1000,2.95913517147269,2,2,10,19.5,Reference,10,30,219,960,48,100,100,320,33.3333333333333,17.5,NaN,NaN,44,858,825,2,0,37,31,15,46,1,1,1,1,58,58,1,1,1,1,2082210
Primary,Medium,1000,2.95913517147269,2,3,10,19.5,Reference,10,30,219,960,48,100,100,472,49.1666666666667,17.5,20.8348378248957,22.3692348232418,46,920,916,3,1,37,30,39,69,1,1,1,1,53,53,1,1,1,1,2082310
Primary,Medium,1000,2.95913517147269,2,4,10,19.5,Reference,10,30,219,960,48,100,100,621,64.6875,17.5,19.0490250628048,20.9620083030643,46,920,917,4,2,37,27,65,92,1,1,1,1,60,60,1,1,1,1,2082410
Primary,Medium,1000,2.95913517147269,2,5,10,19.5,Reference,10,30,219,960,48,100,100,751,78.2291666666667,17.5,18.3121979712245,20.5935997867243,46,920,919,5,4,37,24,91,115,1,1,1,1,59,59,1,1,1,1,2082510
Primary,Medium,1000,2.95913517147269,2,6,10,19.5,Reference,10,30,219,960,48,100,100,840,87.5,17.5,17.7454783407868,20.0202188895712,46,920,919,6,3,37,21,117,138,1,1,1,1,56,56,1,1,1,1,2082610
Primary,Medium,1000,2.95913517147269,2,1,11,19.5,Reference,10,30,219,960,48,100,100,108,11.25,17.5,NaN,NaN,19,379,353,1,0,39,23,0,23,1,1,1,1,0,0,1,1,1,1,2082111
Primary,Medium,1000,2.95913517147269,2,2,11,19.5,Reference,10,30,219,960,48,100,100,218,22.7083333333333,17.5,NaN,NaN,38,748,705,2,0,39,33,13,46,1,1,1,1,56,56,1,1,1,1,2082211
Primary,Medium,1000,2.95913517147269,2,3,11,19.5,Reference,10,30,219,960,48,100,100,320,33.3333333333333,17.5,22.4415034915624,23.9814095504743,46,920,912,3,1,39,30,39,69,1,1,1,1,64,64,1,1,1,1,2082311
Primary,Medium,1000,2.95913517147269,2,4,11,19.5,Reference,10,30,219,960,48,100,100,424,44.1666666666667,17.5,20.5984336841678,22.4790468452745,46,920,915,4,1,39,27,65,92,1,1,1,1,64,64,1,1,1,1,2082411
Primary,Medium,1000,2.95913517147269,2,5,11,19.5,Reference,10,30,219,960,48,100,100,528,55,17.5,19.579660139838,21.4772596808073,46,920,917,5,1,39,24,91,115,1,1,1,1,52,52,1,1,1,1,2082511
Primary,Medium,1000,2.95913517147269,2,6,11,19.5,Reference,10,30,219,960,48,100,100,623,64.8958333333333,17.5,19.0725151386045,21.1215629004933,46,920,917,6,1,39,21,117,138,1,1,1,1,55,55,1,1,1,1,2082611
Primary,Medium,1000,2.95913517147269,2,1,12,19.5,Reference,10,30,219,960,48,100,100,98,10.2083333333333,17.5,NaN,NaN,18,357,338,1,0,39,23,0,23,1,1,1,1,0,0,1,1,1,1,2082112
Primary,Medium,1000,2.95913517147269,2,2,12,19.5,Reference,10,30,219,960,48,100,100,192,20,17.5,NaN,NaN,36,711,670,2,0,39,33,13,46,1,1,1,1,54,54,1,1,1,1,2082212
Primary,Medium,1000,2.95913517147269,2,3,12,19.5,Reference,10,30,219,960,48,100,100,280,29.1666666666667,17.5,22.8348378248957,NaN,46,920,908,3,1,39,32,37,69,1,1,1,1,70,70,1,1,1,1,2082312
Primary,Medium,1000,2.95913517147269,2,4,12,19.5,Reference,10,30,219,960,48,100,100,381,39.6875,17.5,20.9917680175012,22.8678317190982,46,920,915,4,1,39,29,63,92,1,1,1,1,64,64,1,1,1,1,2082412
Primary,Medium,1000,2.95913517147269,2,5,12,19.5,Reference,10,30,219,960,48,100,100,466,48.5416666666667,17.5,20.0232849833639,21.8571237533435,46,920,916,5,2,39,26,89,115,1,1,1,1,61,61,1,1,1,1,2082512
Primary,Medium,1000,2.95913517147269,2,6,12,19.5,Reference,10,30,219,960,48,100,100,552,57.5,17.5,19.5644478725426,21.7225715286952,46,920,917,6,3,39,23,115,138,1,1,1,1,60,60,1,1,1,1,2082612
Primary,Medium,1000,2.95913517147269,3,1,8,19.5,Reference,10,30,237,1205,61,98.7704918032787,100,219,18.1742738589212,17.5,NaN,NaN,25,489,461,1,0,23,23,0,23,1,1,1,1,0,0,1,1,1,1,2092108
Primary,Medium,1000,2.95913517147269,3,2,8,19.5,Reference,10,30,237,1205,61,98.7704918032787,100,427,35.4356846473029,17.5,NaN,NaN,50,973,922,2,0,23,32,14,46,1,1,1,1,83,83,1,1,1,1,2092208
Primary,Medium,1000,2.95913517147269,3,3,8,19.5,Reference,10,30,237,1205,61,98.7704918032787,100,644,53.4439834024896,17.5,21.480252242667,22.1856993722622,59,1180,1168,3,1,23,30,39,69,1,1,1,1,89,89,1,1,1,1,2092308
Primary,Medium,1000,2.95913517147269,3,4,8,19.5,Reference,10,30,237,1205,61,98.7704918032787,100,865,71.7842323651452,17.5,19.4281673951925,20.0931670818399,59,1180,1175,4,2,23,28,64,92,1,1,1,1,72,72,1,1,1,1,2092408
Primary,Medium,1000,2.95913517147269,3,5,8,19.5,Reference,10,30,237,1205,61,98.7704918032787,100,967,80.2489626556017,17.5,19.3397553612627,20.2518693815881,59,1180,1174,5,5,23,25,90,115,1,1,1,1,65,65,1,1,1,1,2092508
Primary,Medium,1000,2.95913517147269,3,6,8,19.5,Reference,10,30,237,1205,61,98.7704918032787,100,1001,83.0705394190871,17.5,19.4159586067268,19.9695037785922,59,1180,1176,6,4,23,22,116,138,1,1,1,1,67,67,1,1,1,1,2092608
Primary,Medium,1000,2.95913517147269,3,1,9,19.5,Reference,10,30,237,1205,61,98.7704918032787,100,187,15.5186721991701,17.5,NaN,NaN,24,461,443,1,0,25,23,0,23,1,1,1,1,0,0,1,1,1,1,2092109
Primary,Medium,1000,2.95913517147269,3,2,9,19.5,Reference,10,30,237,1205,61,98.7704918032787,100,383,31.7842323651452,17.5,NaN,NaN,48,921,885,2,0,23,33,13,46,1,1,1,1,85,85,1,1,1,1,2092209
Primary,Medium,1000,2.95913517147269,3,3,9,19.5,Reference,10,30,237,1205,61,98.7704918032787,100,557,46.2240663900415,17.5,22.0915049341418,22.802466543268,59,1180,1166,3,1,23,31,38,69,1,1,1,1,92,92,1,1,1,1,2092309
Primary,Medium,1000,2.95913517147269,3,4,9,19.5,Reference,10,30,237,1205,61,98.7704918032787,100,757,62.8215767634855,17.5,19.8331223006011,20.542610478775,59,1180,1172,4,1,23,28,64,92,1,1,1,1,63,63,1,1,1,1,2092409
Primary,Medium,1000,2.95913517147269,3,5,9,19.5,Reference,10,30,237,1205,61,98.7704918032787,100,918,76.1825726141079,17.5,19.3316538772935,20.1240528251107,59,1180,1174,5,5,23,25,90,115,1,1,1,1,69,69,1,1,1,1,2092509
Primary,Medium,1000,2.95913517147269,3,6,9,19.5,Reference,10,30,237,1205,61,98.7704918032787,100,963,79.9170124481328,17.5,19.2208818138757,19.8111077377766,59,1180,1175,6,4,23,22,116,138,1,1,1,1,67,67,1,1,1,1,2092609
Primary,Medium,1000,2.95913517147269,3,1,10,19.5,Reference,10,30,237,1205,61,98.7704918032787,100,157,13.0290456431535,17.5,NaN,NaN,22,430,415,1,0,38,23,0,23,1,1,1,1,0,0,1,1,1,1,2092110
Primary,Medium,1000,2.95913517147269,3,2,10,19.5,Reference,10,30,237,1205,61,98.7704918032787,100,320,26.5560165975104,17.5,NaN,NaN,44,858,825,2,0,38,34,12,46,1,1,1,1,79,79,1,1,1,1,2092210
Primary,Medium,1000,2.95913517147269,3,3,10,19.5,Reference,10,30,237,1205,61,98.7704918032787,100,472,39.1701244813278,17.5,22.9355464679976,23.6546694010349,59,1180,1155,3,1,38,31,38,69,1,1,1,1,66,66,1,1,1,1,2092310
Primary,Medium,1000,2.95913517147269,3,4,10,19.5,Reference,10,30,237,1205,61,98.7704918032787,100,621,51.5352697095436,17.5,20.7226725879412,21.4213233125023,59,1180,1170,4,2,38,28,64,92,1,1,1,1,66,66,1,1,1,1,2092410
Primary,Medium,1000,2.95913517147269,3,5,10,19.5,Reference,10,30,237,1205,61,98.7704918032787,100,777,64.4813278008299,17.5,19.5933949117075,20.4919020554078,59,1180,1174,5,3,38,26,89,115,1,1,1,1,75,75,1,1,1,1,2092510
Primary,Medium,1000,2.95913517147269,3,6,10,19.5,Reference,10,30,237,1205,61,98.7704918032787,100,893,74.1078838174274,17.5,19.4701088444427,20.2552372109538,59,1180,1175,6,5,38,23,115,138,1,1,1,1,69,69,1,1,1,1,2092610
Primary,Medium,1000,2.95913517147269,3,1,11,19.5,Reference,10,30,237,1205,61,98.7704918032787,100,108,8.96265560165975,17.5,NaN,NaN,19,379,353,1,0,40,23,0,23,1,1,1,1,0,0,1,1,1,1,2092111
Primary,Medium,1000,2.95913517147269,3,2,11,19.5,Reference,10,30,237,1205,61,98.7704918032787,100,218,18.0912863070539,17.5,NaN,NaN,38,748,705,2,0,40,38,8,46,1,1,1,1,77,77,1,1,1,1,2092211
Primary,Medium,1000,2.95913517147269,3,3,11,19.5,Reference,10,30,237,1205,61,98.7704918032787,100,320,26.5560165975104,17.5,NaN,NaN,57,1113,1038,3,0,40,34,35,69,1,1,1,1,70,70,1,1,1,1,2092311
Primary,Medium,1000,2.95913517147269,3,4,11,19.5,Reference,10,30,237,1205,61,98.7704918032787,100,424,35.1867219917012,17.5,22.3046258433095,23.0110523164395,59,1180,1161,4,1,40,31,61,92,1,1,1,1,69,69,1,1,1,1,2092411
Primary,Medium,1000,2.95913517147269,3,5,11,19.5,Reference,10,30,237,1205,61,98.7704918032787,100,528,43.8174273858921,17.5,20.8424144793174,21.6827838589561,59,1180,1170,5,1,40,28,87,115,1,1,1,1,72,72,1,1,1,1,2092511
Primary,Medium,1000,2.95913517147269,3,6,11,19.5,Reference,10,30,237,1205,61,98.7704918032787,100,623,51.701244813278,17.5,20.1912932754389,21.0437583790576,59,1180,1170,6,3,40,25,113,138,1,1,1,1,68,68,1,1,1,1,2092611
Primary,Medium,1000,2.95913517147269,3,1,12,19.5,Reference,10,30,237,1205,61,98.7704918032787,100,98,8.13278008298755,17.5,NaN,NaN,18,357,338,1,0,40,23,0,23,1,1,1,1,0,0,1,1,1,1,2092112
Primary,Medium,1000,2.95913517147269,3,2,12,19.5,Reference,10,30,237,1205,61,98.7704918032787,100,192,15.9336099585062,17.5,NaN,NaN,36,711,670,2,0,40,41,5,46,1,1,1,1,75,75,1,1,1,1,2092212
Primary,Medium,1000,2.95913517147269,3,3,12,19.5,Reference,10,30,237,1205,61,98.7704918032787,100,281,23.3195020746888,17.5,NaN,NaN,54,1065,1001,3,0,40,37,32,69,1,1,1,1,82,82,1,1,1,1,2092312
Primary,Medium,1000,2.95913517147269,3,4,12,19.5,Reference,10,30,237,1205,61,98.7704918032787,100,382,31.701244813278,17.5,22.677163834457,23.3843053391366,59,1180,1158,4,1,40,34,58,92,1,1,1,1,80,80,1,1,1,1,2092412
Primary,Medium,1000,2.95913517147269,3,5,12,19.5,Reference,10,30,237,1205,61,98.7704918032787,100,466,38.6721991701245,17.5,21.2138753075947,22.0599221190842,59,1180,1167,5,1,40,31,84,115,1,1,1,1,77,77,1,1,1,1,2092512
Primary,Medium,1000,2.95913517147269,3,6,12,19.5,Reference,10,30,237,1205,61,98.7704918032787,100,553,45.8921161825726,17.5,20.3393913860348,21.1906715783775,59,1180,1170,6,1,40,28,110,138,1,1,1,1,62,62,1,1,1,1,2092612
Primary,High,2000,5.91827034294538,1,1,8,19.5,Reference,10,30,410,2029,102,99.4607843137255,100,226,11.1384918679152,17.5,NaN,NaN,25,494,467,1,0,61,23,0,23,1,1,1,1,0,0,1,1,1,1,3072108
Primary,High,2000,5.91827034294538,1,2,8,19.5,Reference,10,30,410,2029,102,99.4607843137255,100,443,21.8334154756037,17.5,NaN,NaN,50,988,941,2,0,46,46,0,46,1,1,1,1,84,84,1,1,1,1,3072208
Primary,High,2000,5.91827034294538,1,3,8,19.5,Reference,10,30,410,2029,102,99.4607843137255,100,677,33.3661902414983,17.5,NaN,NaN,75,1481,1404,3,0,46,62,7,69,1,1,1,1,124,124,1,1,1,1,3072308
Primary,High,2000,5.91827034294538,1,4,8,19.5,Reference,10,30,410,2029,102,99.4607843137255,100,894,44.0611138491868,17.5,23.7611034406806,NaN,100,1972,1868,4,0,46,58,34,92,1,1,1,1,110,110,1,1,1,1,3072408
Primary,High,2000,5.91827034294538,1,5,8,19.5,Reference,10,30,410,2029,102,99.4607843137255,100,1096,54.0167570231641,17.5,21.3734105320634,22.1001161015052,100,2000,1981,5,2,46,55,60,115,1,1,1,1,119,119,1,1,1,1,3072508
Primary,High,2000,5.91827034294538,1,6,8,19.5,Reference,10,30,410,2029,102,99.4607843137255,100,1298,63.9724001971414,17.5,19.9526307126253,20.6414721210866,100,2000,1991,6,4,46,52,86,138,1,1,1,1,119,119,1,1,1,1,3072608
Primary,High,2000,5.91827034294538,1,1,9,19.5,Reference,10,30,410,2029,102,99.4607843137255,100,193,9.51207491375062,17.5,NaN,NaN,24,468,446,1,0,63,23,0,23,1,1,1,1,0,0,1,1,1,1,3072109
Primary,High,2000,5.91827034294538,1,2,9,19.5,Reference,10,30,410,2029,102,99.4607843137255,100,391,19.2705766387383,17.5,NaN,NaN,48,931,891,2,0,48,46,0,46,1,1,1,1,78,78,1,1,1,1,3072209
Primary,High,2000,5.91827034294538,1,3,9,19.5,Reference,10,30,410,2029,102,99.4607843137255,100,574,28.2897979300148,17.5,NaN,NaN,72,1392,1314,3,0,46,65,4,69,1,1,1,1,129,129,1,1,1,1,3072309
Primary,High,2000,5.91827034294538,1,4,9,19.5,Reference,10,30,410,2029,102,99.4607843137255,100,779,38.3932971907344,17.5,NaN,NaN,96,1853,1761,4,0,46,60,32,92,1,1,1,1,111,111,1,1,1,1,3072409
Primary,High,2000,5.91827034294538,1,5,9,19.5,Reference,10,30,410,2029,102,99.4607843137255,100,956,47.1168063085264,17.5,22.0730572458631,22.6552092117573,100,2000,1977,5,0,46,57,58,115,1,1,1,1,115,115,1,1,1,1,3072509
Primary,High,2000,5.91827034294538,1,6,9,19.5,Reference,10,30,410,2029,102,99.4607843137255,100,1134,55.8896007885658,17.5,20.4609525442558,21.061637096044,100,2000,1989,6,1,46,53,85,138,1,1,1,1,121,121,1,1,1,1,3072609
Primary,High,2000,5.91827034294538,1,1,10,19.5,Reference,10,30,410,2029,102,99.4607843137255,100,157,7.73780187284377,17.5,NaN,NaN,22,430,415,1,0,67,23,0,23,1,1,1,1,0,0,1,1,1,1,3072110
Primary,High,2000,5.91827034294538,1,2,10,19.5,Reference,10,30,410,2029,102,99.4607843137255,100,321,15.8206012814194,17.5,NaN,NaN,44,858,828,2,0,67,46,0,46,1,1,1,1,74,74,1,1,1,1,3072210
Primary,High,2000,5.91827034294538,1,3,10,19.5,Reference,10,30,410,2029,102,99.4607843137255,100,472,23.2626909807787,17.5,NaN,NaN,66,1286,1209,3,0,67,67,2,69,1,1,1,1,120,120,1,1,1,1,3072310
Primary,High,2000,5.91827034294538,1,4,10,19.5,Reference,10,30,410,2029,102,99.4607843137255,100,626,30.8526367668802,17.5,NaN,NaN,88,1713,1624,4,0,67,64,28,92,1,1,1,1,135,135,1,1,1,1,3072410
Primary,High,2000,5.91827034294538,1,5,10,19.5,Reference,10,30,410,2029,102,99.4607843137255,100,784,38.6397240019714,17.5,23.0034980926085,23.6571086766673,100,2000,1955,5,2,67,65,50,115,1,1,1,1,118,118,1,1,1,1,3072510
Primary,High,2000,5.91827034294538,1,6,10,19.5,Reference,10,30,410,2029,102,99.4607843137255,100,937,46.1803844258255,17.5,21.3854669983629,22.0497346171973,100,2000,1980,6,2,67,62,76,138,1,1,1,1,120,120,1,1,1,1,3072610
Primary,High,2000,5.91827034294538,1,1,11,19.5,Reference,10,30,410,2029,102,99.4607843137255,100,112,5.5199605717102,17.5,NaN,NaN,20,385,369,1,0,70,23,0,23,1,1,1,1,0,0,1,1,1,1,3072111
Primary,High,2000,5.91827034294538,1,2,11,19.5,Reference,10,30,410,2029,102,99.4607843137255,100,229,11.2863479546575,17.5,NaN,NaN,40,768,739,2,0,70,46,0,46,1,1,1,1,66,66,1,1,1,1,3072211
Primary,High,2000,5.91827034294538,1,3,11,19.5,Reference,10,30,410,2029,102,99.4607843137255,100,348,17.1513060620996,17.5,NaN,NaN,60,1148,1079,3,0,70,69,0,69,1,1,1,1,119,119,1,1,1,1,3072311
Primary,High,2000,5.91827034294538,1,4,11,19.5,Reference,10,30,410,2029,102,99.4607843137255,100,452,22.2769837358305,17.5,NaN,NaN,80,1528,1454,4,0,70,71,21,92,1,1,1,1,105,105,1,1,1,1,3072411
Primary,High,2000,5.91827034294538,1,5,11,19.5,Reference,10,30,410,2029,102,99.4607843137255,100,558,27.5012321340562,17.5,NaN,NaN,100,1908,1803,5,0,70,63,52,115,1,1,1,1,110,110,1,1,1,1,3072511
Primary,High,2000,5.91827034294538,1,6,11,19.5,Reference,10,30,410,2029,102,99.4607843137255,100,683,33.6619024149827,17.5,22.5851444089469,23.1858289607351,100,2000,1969,6,1,70,62,76,138,1,1,1,1,127,127,1,1,1,1,3072611
Primary,High,2000,5.91827034294538,1,1,12,19.5,Reference,10,30,410,2029,102,99.4607843137255,100,98,4.82996550024643,17.5,NaN,NaN,18,357,338,1,0,77,23,0,23,1,1,1,1,0,0,1,1,1,1,3072112
Primary,High,2000,5.91827034294538,1,2,12,19.5,Reference,10,30,410,2029,102,99.4607843137255,100,196,9.65993100049285,17.5,NaN,NaN,36,711,672,2,0,77,46,0,46,1,1,1,1,64,64,1,1,1,1,3072212
Primary,High,2000,5.91827034294538,1,3,12,19.5,Reference,10,30,410,2029,102,99.4607843137255,100,287,14.1448989650074,17.5,NaN,NaN,54,1065,1007,3,0,77,69,0,69,1,1,1,1,114,114,1,1,1,1,3072312
Primary,High,2000,5.91827034294538,1,4,12,19.5,Reference,10,30,410,2029,102,99.4607843137255,100,385,18.9748644652538,17.5,NaN,NaN,72,1419,1319,4,0,77,71,21,92,1,1,1,1,108,108,1,1,1,1,3072412
Primary,High,2000,5.91827034294538,1,5,12,19.5,Reference,10,30,410,2029,102,99.4607843137255,100,472,23.2626909807787,17.5,NaN,NaN,90,1769,1652,5,0,77,69,46,115,1,1,1,1,106,106,1,1,1,1,3072512
Primary,High,2000,5.91827034294538,1,6,12,19.5,Reference,10,30,410,2029,102,99.4607843137255,100,562,27.6983735830458,17.5,23.3794179525243,23.9792720268968,100,2000,1929,6,1,77,69,69,138,1,1,1,1,127,127,1,1,1,1,3072612
Primary,High,2000,5.91827034294538,2,1,8,19.5,Reference,10,30,418,2083,105,99.1904761904762,100,226,10.8497359577532,17.5,NaN,NaN,25,494,467,1,0,61,23,0,23,1,1,1,1,0,0,1,1,1,1,3082108
Primary,High,2000,5.91827034294538,2,2,8,19.5,Reference,10,30,418,2083,105,99.1904761904762,100,442,21.2193951032165,17.5,NaN,NaN,50,986,940,2,0,49,46,0,46,1,1,1,1,82,82,1,1,1,1,3082208
Primary,High,2000,5.91827034294538,2,3,8,19.5,Reference,10,30,418,2083,105,99.1904761904762,100,667,32.0211233797408,17.5,NaN,NaN,75,1477,1393,3,0,49,68,1,69,1,1,1,1,136,136,1,1,1,1,3082308
Primary,High,2000,5.91827034294538,2,4,8,19.5,Reference,10,30,418,2083,105,99.1904761904762,100,888,42.630820931349,17.5,NaN,NaN,100,1966,1861,4,0,49,67,25,92,1,1,1,1,123,123,1,1,1,1,3082408
Primary,High,2000,5.91827034294538,2,5,8,19.5,Reference,10,30,418,2083,105,99.1904761904762,100,1085,52.0883341334614,17.5,21.6879331935399,23.4895329246627,100,2000,1981,5,2,49,65,50,115,1,1,1,1,123,123,1,1,1,1,3082508
Primary,High,2000,5.91827034294538,2,6,8,19.5,Reference,10,30,418,2083,105,99.1904761904762,100,1284,61.6418626980317,17.5,20.2301911180184,22.0779020841691,100,2000,1991,6,3,49,62,76,138,1,1,1,1,122,122,1,1,1,1,3082608
Primary,High,2000,5.91827034294538,2,1,9,19.5,Reference,10,30,418,2083,105,99.1904761904762,100,189,9.07345175228036,17.5,NaN,NaN,24,463,443,1,0,63,23,0,23,1,1,1,1,0,0,1,1,1,1,3082109
Primary,High,2000,5.91827034294538,2,2,9,19.5,Reference,10,30,418,2083,105,99.1904761904762,100,385,18.4829572731637,17.5,NaN,NaN,48,924,886,2,0,54,46,0,46,1,1,1,1,78,78,1,1,1,1,3082209
Primary,High,2000,5.91827034294538,2,3,9,19.5,Reference,10,30,418,2083,105,99.1904761904762,100,559,26.8362938070091,17.5,NaN,NaN,71,1383,1305,3,1,49,66,3,69,1,1,1,1,127,127,1,1,1,1,3082309
Primary,High,2000,5.91827034294538,2,4,9,19.5,Reference,10,30,418,2083,105,99.1904761904762,100,761,36.5338454152664,17.5,NaN,NaN,94,1842,1743,4,1,49,67,25,92,1,1,1,1,125,125,1,1,1,1,3082409
Primary,High,2000,5.91827034294538,2,5,9,19.5,Reference,10,30,418,2083,105,99.1904761904762,100,948,45.5112818050888,17.5,22.4269575375264,NaN,100,2000,1976,5,0,49,65,50,115,1,1,1,1,111,111,1,1,1,1,3082509
Primary,High,2000,5.91827034294538,2,6,9,19.5,Reference,10,30,418,2083,105,99.1904761904762,100,1117,53.6245799327892,17.5,20.7548830452401,22.8259206042075,100,2000,1987,6,1,49,62,76,138,1,1,1,1,126,126,1,1,1,1,3082609
Primary,High,2000,5.91827034294538,2,1,10,19.5,Reference,10,30,418,2083,105,99.1904761904762,100,157,7.53720595295247,17.5,NaN,NaN,22,430,415,1,0,78,23,0,23,1,1,1,1,0,0,1,1,1,1,3082110
Primary,High,2000,5.91827034294538,2,2,10,19.5,Reference,10,30,418,2083,105,99.1904761904762,100,320,15.3624579932789,17.5,NaN,NaN,44,858,825,2,0,78,46,0,46,1,1,1,1,72,72,1,1,1,1,3082210
Primary,High,2000,5.91827034294538,2,3,10,19.5,Reference,10,30,418,2083,105,99.1904761904762,100,472,22.6596255400864,17.5,NaN,NaN,66,1285,1206,3,0,78,67,2,69,1,1,1,1,130,130,1,1,1,1,3082310
Primary,High,2000,5.91827034294538,2,4,10,19.5,Reference,10,30,418,2083,105,99.1904761904762,100,621,29.8127700432069,17.5,NaN,NaN,88,1711,1623,4,0,78,64,28,92,1,1,1,1,103,103,1,1,1,1,3082410
Primary,High,2000,5.91827034294538,2,5,10,19.5,Reference,10,30,418,2083,105,99.1904761904762,100,777,37.3019683149304,17.5,23.3053373529312,NaN,100,2000,1952,5,2,78,65,50,115,1,1,1,1,132,132,1,1,1,1,3082510
Primary,High,2000,5.91827034294538,2,6,10,19.5,Reference,10,30,418,2083,105,99.1904761904762,100,928,44.5511281805089,17.5,21.6425724329051,23.7046112406157,100,2000,1980,6,1,78,62,76,138,1,1,1,1,130,130,1,1,1,1,3082610
Primary,High,2000,5.91827034294538,2,1,11,19.5,Reference,10,30,418,2083,105,99.1904761904762,100,108,5.18482957273164,17.5,NaN,NaN,19,379,353,1,0,80,23,0,23,1,1,1,1,0,0,1,1,1,1,3082111
Primary,High,2000,5.91827034294538,2,2,11,19.5,Reference,10,30,418,2083,105,99.1904761904762,100,218,10.4656745079213,17.5,NaN,NaN,38,748,705,2,0,80,46,0,46,1,1,1,1,66,66,1,1,1,1,3082211
Primary,High,2000,5.91827034294538,2,3,11,19.5,Reference,10,30,418,2083,105,99.1904761904762,100,320,15.3624579932789,17.5,NaN,NaN,57,1113,1038,3,0,80,69,0,69,1,1,1,1,122,122,1,1,1,1,3082311
Primary,High,2000,5.91827034294538,2,4,11,19.5,Reference,10,30,418,2083,105,99.1904761904762,100,424,20.3552568410946,17.5,NaN,NaN,76,1475,1364,4,0,80,70,22,92,1,1,1,1,113,113,1,1,1,1,3082411
Primary,High,2000,5.91827034294538,2,5,11,19.5,Reference,10,30,418,2083,105,99.1904761904762,100,528,25.3480556889102,17.5,NaN,NaN,95,1837,1721,5,0,80,69,46,115,1,1,1,1,128,128,1,1,1,1,3082511
Primary,High,2000,5.91827034294538,2,6,11,19.5,Reference,10,30,418,2083,105,99.1904761904762,100,623,29.9087854056649,17.5,23.2945898217262,NaN,100,2000,1950,6,2,80,66,72,138,1,1,1,1,130,130,1,1,1,1,3082611
Primary,High,2000,5.91827034294538,2,1,12,19.5,Reference,10,30,418,2083,105,99.1904761904762,100,98,4.70475276044167,17.5,NaN,NaN,18,357,338,1,0,80,23,0,23,1,1,1,1,0,0,1,1,1,1,3082112
Primary,High,2000,5.91827034294538,2,2,12,19.5,Reference,10,30,418,2083,105,99.1904761904762,100,193,9.26548247719635,17.5,NaN,NaN,36,711,671,2,0,80,46,0,46,1,1,1,1,79,79,1,1,1,1,3082212
Primary,High,2000,5.91827034294538,2,3,12,19.5,Reference,10,30,418,2083,105,99.1904761904762,100,287,13.778204512722,17.5,NaN,NaN,54,1065,1004,3,0,80,69,0,69,1,1,1,1,124,124,1,1,1,1,3082312
Primary,High,2000,5.91827034294538,2,4,12,19.5,Reference,10,30,418,2083,105,99.1904761904762,100,383,18.3869419107057,17.5,NaN,NaN,72,1416,1318,4,0,80,70,22,92,1,1,1,1,110,110,1,1,1,1,3082412
Primary,High,2000,5.91827034294538,2,5,12,19.5,Reference,10,30,418,2083,105,99.1904761904762,100,469,22.5156024963994,17.5,NaN,NaN,90,1766,1649,5,0,80,69,46,115,1,1,1,1,107,107,1,1,1,1,3082512
Primary,High,2000,5.91827034294538,2,6,12,19.5,Reference,10,30,418,2083,105,99.1904761904762,100,559,26.8362938070091,17.5,23.6254833853324,NaN,100,2000,1927,6,1,80,66,72,138,1,1,1,1,129,129,1,1,1,1,3082612
Primary,High,2000,5.91827034294538,3,1,8,19.5,Reference,10,30,449,2195,110,99.7727272727273,100,222,10.1138952164009,17.5,NaN,NaN,25,492,464,1,0,70,23,0,23,1,1,1,1,0,0,1,1,1,1,3092108
Primary,High,2000,5.91827034294538,3,2,8,19.5,Reference,10,30,449,2195,110,99.7727272727273,100,433,19.7266514806378,17.5,NaN,NaN,50,979,930,2,0,54,46,0,46,1,1,1,1,80,80,1,1,1,1,3092208
Primary,High,2000,5.91827034294538,3,3,8,19.5,Reference,10,30,449,2195,110,99.7727272727273,100,652,29.7038724373576,17.5,NaN,NaN,75,1463,1377,3,0,53,69,0,69,1,1,1,1,117,117,1,1,1,1,3092308
Primary,High,2000,5.91827034294538,3,4,8,19.5,Reference,10,30,449,2195,110,99.7727272727273,100,869,39.5899772209567,17.5,NaN,NaN,100,1947,1841,4,0,53,67,25,92,1,1,1,1,131,131,1,1,1,1,3092408
Primary,High,2000,5.91827034294538,3,5,8,19.5,Reference,10,30,449,2195,110,99.7727272727273,100,1057,48.1548974943052,17.5,22.291058420589,23.0319253859242,108,2160,2130,5,1,53,68,47,115,1,1,1,1,137,137,1,1,1,1,3092508
Primary,High,2000,5.91827034294538,3,6,8,19.5,Reference,10,30,449,2195,110,99.7727272727273,100,1257,57.2665148063781,17.5,20.5385352718214,21.276852574008,108,2160,2148,6,2,53,65,73,138,1,1,1,1,132,132,1,1,1,1,3092608
Primary,High,2000,5.91827034294538,3,1,9,19.5,Reference,10,30,449,2195,110,99.7727272727273,100,185,8.42824601366743,17.5,NaN,NaN,24,461,440,1,0,71,23,0,23,1,1,1,1,0,0,1,1,1,1,3092109
Primary,High,2000,5.91827034294538,3,2,9,19.5,Reference,10,30,449,2195,110,99.7727272727273,100,377,17.1753986332574,17.5,NaN,NaN,47,915,879,2,1,63,46,0,46,1,1,1,1,80,80,1,1,1,1,3092209
Primary,High,2000,5.91827034294538,3,3,9,19.5,Reference,10,30,449,2195,110,99.7727272727273,100,549,25.0113895216401,17.5,NaN,NaN,70,1365,1288,3,1,56,69,0,69,1,1,1,1,110,110,1,1,1,1,3092309
Primary,High,2000,5.91827034294538,3,4,9,19.5,Reference,10,30,449,2195,110,99.7727272727273,100,743,33.8496583143508,17.5,NaN,NaN,93,1812,1724,4,1,53,68,24,92,1,1,1,1,112,112,1,1,1,1,3092409
Primary,High,2000,5.91827034294538,3,5,9,19.5,Reference,10,30,449,2195,110,99.7727272727273,100,923,42.0501138952164,17.5,23.0653748808123,23.7970449694166,108,2160,2099,5,1,53,67,48,115,1,1,1,1,139,139,1,1,1,1,3092509
Primary,High,2000,5.91827034294538,3,6,9,19.5,Reference,10,30,449,2195,110,99.7727272727273,100,1084,49.3849658314351,17.5,21.2984236147883,21.9661361860616,108,2160,2144,6,0,53,65,73,138,1,1,1,1,113,113,1,1,1,1,3092609
Primary,High,2000,5.91827034294538,3,1,10,19.5,Reference,10,30,449,2195,110,99.7727272727273,100,157,7.15261958997722,17.5,NaN,NaN,22,430,415,1,0,81,23,0,23,1,1,1,1,0,0,1,1,1,1,3092110
Primary,High,2000,5.91827034294538,3,2,10,19.5,Reference,10,30,449,2195,110,99.7727272727273,100,320,14.5785876993166,17.5,NaN,NaN,44,858,825,2,0,81,46,0,46,1,1,1,1,74,74,1,1,1,1,3092210
Primary,High,2000,5.91827034294538,3,3,10,19.5,Reference,10,30,449,2195,110,99.7727272727273,100,472,21.503416856492,17.5,NaN,NaN,66,1285,1206,3,0,81,69,0,69,1,1,1,1,110,110,1,1,1,1,3092310
Primary,High,2000,5.91827034294538,3,4,10,19.5,Reference,10,30,449,2195,110,99.7727272727273,100,621,28.2915717539863,17.5,NaN,NaN,88,1711,1623,4,0,81,69,23,92,1,1,1,1,122,122,1,1,1,1,3092410
Primary,High,2000,5.91827034294538,3,5,10,19.5,Reference,10,30,449,2195,110,99.7727272727273,100,777,35.3986332574032,17.5,23.8121221692887,NaN,108,2125,2011,5,1,81,68,47,115,1,1,1,1,145,145,1,1,1,1,3092510
Primary,High,2000,5.91827034294538,3,6,10,19.5,Reference,10,30,449,2195,110,99.7727272727273,100,928,42.2779043280182,17.5,22.0455462266132,22.6962061145569,108,2160,2130,6,0,81,65,73,138,1,1,1,1,121,121,1,1,1,1,3092610
Primary,High,2000,5.91827034294538,3,1,11,19.5,Reference,10,30,449,2195,110,99.7727272727273,100,111,5.05694760820046,17.5,NaN,NaN,20,383,369,1,0,83,23,0,23,1,1,1,1,0,0,1,1,1,1,3092111
Primary,High,2000,5.91827034294538,3,2,11,19.5,Reference,10,30,449,2195,110,99.7727272727273,100,227,10.3416856492027,17.5,NaN,NaN,40,763,737,2,0,83,46,0,46,1,1,1,1,72,72,1,1,1,1,3092211
Primary,High,2000,5.91827034294538,3,3,11,19.5,Reference,10,30,449,2195,110,99.7727272727273,100,340,15.4897494305239,17.5,NaN,NaN,60,1143,1074,3,0,83,69,0,69,1,1,1,1,108,108,1,1,1,1,3092311
Primary,High,2000,5.91827034294538,3,4,11,19.5,Reference,10,30,449,2195,110,99.7727272727273,100,448,20.4100227790433,17.5,NaN,NaN,80,1523,1440,4,0,83,79,13,92,1,1,1,1,135,135,1,1,1,1,3092411
Primary,High,2000,5.91827034294538,3,5,11,19.5,Reference,10,30,449,2195,110,99.7727272727273,100,552,25.1480637813212,17.5,NaN,NaN,100,1903,1787,5,0,83,75,40,115,1,1,1,1,136,136,1,1,1,1,3092511
Primary,High,2000,5.91827034294538,3,6,11,19.5,Reference,10,30,449,2195,110,99.7727272727273,100,669,30.4783599088838,17.5,23.3225183482122,NaN,108,2160,2081,6,2,83,71,67,138,1,1,1,1,132,132,1,1,1,1,3092611
Primary,High,2000,5.91827034294538,3,1,12,19.5,Reference,10,30,449,2195,110,99.7727272727273,100,98,4.46469248291572,17.5,NaN,NaN,18,357,338,1,0,83,23,0,23,1,1,1,1,0,0,1,1,1,1,3092112
Primary,High,2000,5.91827034294538,3,2,12,19.5,Reference,10,30,449,2195,110,99.7727272727273,100,196,8.92938496583144,17.5,NaN,NaN,36,711,672,2,0,83,46,0,46,1,1,1,1,66,66,1,1,1,1,3092212
Primary,High,2000,5.91827034294538,3,3,12,19.5,Reference,10,30,449,2195,110,99.7727272727273,100,290,13.2118451025057,17.5,NaN,NaN,54,1065,1009,3,0,83,69,0,69,1,1,1,1,100,100,1,1,1,1,3092312
Primary,High,2000,5.91827034294538,3,4,12,19.5,Reference,10,30,449,2195,110,99.7727272727273,100,392,17.8587699316629,17.5,NaN,NaN,72,1419,1327,4,0,83,79,13,92,1,1,1,1,139,139,1,1,1,1,3092412
Primary,High,2000,5.91827034294538,3,5,12,19.5,Reference,10,30,449,2195,110,99.7727272727273,100,477,21.7312072892938,17.5,NaN,NaN,90,1773,1661,5,0,83,77,38,115,1,1,1,1,137,137,1,1,1,1,3092512
Primary,High,2000,5.91827034294538,3,6,12,19.5,Reference,10,30,449,2195,110,99.7727272727273,100,571,26.0136674259681,17.5,23.9514834063958,NaN,108,2127,1987,6,0,83,74,64,138,1,1,1,1,114,114,1,1,1,1,3092612
CheckSensitivity,Low,500,1.47956758573635,1,1,8,19.5,Frequent,5,15,132,654,33,99.0909090909091,100,231,35.3211009174312,17.5,NaN,NaN,26,501,475,1,0,14,23,0,23,1,1,1,1,0,0,1,1,1,1,6072101
CheckSensitivity,Low,500,1.47956758573635,1,2,8,19.5,Frequent,5,15,132,654,33,99.0909090909091,100,456,69.7247706422018,17.5,19.6131271307148,NaN,31,620,618,2,3,14,20,26,46,1,1,1,1,44,44,1,1,1,1,6072201
CheckSensitivity,Low,500,1.47956758573635,1,3,8,19.5,Frequent,5,15,132,654,33,99.0909090909091,100,565,86.3914373088685,17.5,19.0072073330249,NaN,31,620,619,3,3,14,18,51,69,1,1,1,1,32,32,1,1,1,1,6072301
CheckSensitivity,Low,500,1.47956758573635,1,4,8,19.5,Frequent,5,15,132,654,33,99.0909090909091,100,570,87.1559633027523,17.5,20.4342084533815,NaN,31,620,619,4,2,14,15,77,92,1,1,1,1,37,37,1,1,1,1,6072401
CheckSensitivity,Low,500,1.47956758573635,1,5,8,19.5,Frequent,5,15,132,654,33,99.0909090909091,100,566,86.5443425076453,17.5,19.449903965317,NaN,31,620,619,5,4,14,12,103,115,1,1,1,1,38,38,1,1,1,1,6072501
CheckSensitivity,Low,500,1.47956758573635,1,6,8,19.5,Frequent,5,15,132,654,33,99.0909090909091,100,565,86.3914373088685,17.5,19.3195716493313,NaN,31,620,619,6,4,14,9,129,138,1,1,1,1,38,38,1,1,1,1,6072601
CheckSensitivity,Low,500,1.47956758573635,1,1,8,19.5,Reference,10,30,132,654,33,99.0909090909091,100,226,34.5565749235474,17.5,NaN,NaN,25,494,467,1,0,14,23,0,23,1,1,1,1,0,0,1,1,1,1,6072102
CheckSensitivity,Low,500,1.47956758573635,1,2,8,19.5,Reference,10,30,132,654,33,99.0909090909091,100,444,67.8899082568807,17.5,19.795403355873,NaN,31,620,618,2,3,14,19,27,46,1,1,1,1,40,40,1,1,1,1,6072202
CheckSensitivity,Low,500,1.47956758573635,1,3,8,19.5,Reference,10,30,132,654,33,99.0909090909091,100,565,86.3914373088685,17.5,19.6298600659784,NaN,31,620,619,3,3,14,18,51,69,1,1,1,1,32,32,1,1,1,1,6072302
CheckSensitivity,Low,500,1.47956758573635,1,4,8,19.5,Reference,10,30,132,654,33,99.0909090909091,100,564,86.2385321100917,17.5,19.3383722108497,NaN,31,620,619,4,2,14,15,77,92,1,1,1,1,40,40,1,1,1,1,6072402
CheckSensitivity,Low,500,1.47956758573635,1,5,8,19.5,Reference,10,30,132,654,33,99.0909090909091,100,565,86.3914373088685,17.5,20.0178988421686,NaN,31,620,619,5,4,14,12,103,115,1,1,1,1,40,40,1,1,1,1,6072502
CheckSensitivity,Low,500,1.47956758573635,1,6,8,19.5,Reference,10,30,132,654,33,99.0909090909091,100,563,86.085626911315,17.5,19.4460999722101,NaN,31,620,619,6,4,14,9,129,138,1,1,1,1,35,35,1,1,1,1,6072602
CheckSensitivity,Low,500,1.47956758573635,1,1,8,19.5,Intermittent,30,60,132,654,33,99.0909090909091,100,185,28.2874617737003,17.5,NaN,NaN,24,461,437,1,0,14,22,1,23,1,1,1,1,0,0,1,1,1,1,6072103
CheckSensitivity,Low,500,1.47956758573635,1,2,8,19.5,Intermittent,30,60,132,654,33,99.0909090909091,100,377,57.6452599388379,17.5,20.649001909825,NaN,31,620,618,2,3,14,21,25,46,1,1,1,1,44,44,1,1,1,1,6072203
CheckSensitivity,Low,500,1.47956758573635,1,3,8,19.5,Intermittent,30,60,132,654,33,99.0909090909091,100,533,81.4984709480122,17.5,19.7664131148071,NaN,31,620,619,3,3,14,18,51,69,1,1,1,1,32,32,1,1,1,1,6072303
CheckSensitivity,Low,500,1.47956758573635,1,4,8,19.5,Intermittent,30,60,132,654,33,99.0909090909091,100,553,84.5565749235474,17.5,19.6088567549123,NaN,31,620,619,4,4,14,15,77,92,1,1,1,1,41,41,1,1,1,1,6072403
CheckSensitivity,Low,500,1.47956758573635,1,5,8,19.5,Intermittent,30,60,132,654,33,99.0909090909091,100,553,84.5565749235474,17.5,20.0144066642067,NaN,31,620,619,5,3,14,12,103,115,1,1,1,1,35,35,1,1,1,1,6072503
CheckSensitivity,Low,500,1.47956758573635,1,6,8,19.5,Intermittent,30,60,132,654,33,99.0909090909091,100,554,84.7094801223242,17.5,19.7244191137904,NaN,31,620,619,6,4,14,9,129,138,1,1,1,1,31,31,1,1,1,1,6072603
CheckSensitivity,Low,500,1.47956758573635,2,1,8,19.5,Frequent,5,15,65,270,14,96.4285714285714,100,224,82.962962962963,17.5,18.9995066292905,21.9908785250329,13,260,259,1,0,4,4,19,23,1,1,1,1,0,0,1,1,1,1,6082101
CheckSensitivity,Low,500,1.47956758573635,2,2,8,19.5,Frequent,5,15,65,270,14,96.4285714285714,100,230,85.1851851851852,17.5,19.7994528241965,21.4197450844445,13,260,259,2,1,4,2,44,46,1,1,1,1,10,10,1,1,1,1,6082201
CheckSensitivity,Low,500,1.47956758573635,2,3,8,19.5,Frequent,5,15,65,270,14,96.4285714285714,100,197,72.962962962963,17.5,19.4318100139184,20.9676623496232,13,260,259,3,6,4,1,68,69,1,1,1,1,16,16,1,1,1,1,6082301
CheckSensitivity,Low,500,1.47956758573635,2,4,8,19.5,Frequent,5,15,65,270,14,96.4285714285714,100,230,85.1851851851852,17.5,19.427497573892,21.04778983414,13,260,259,4,6,4,1,91,92,1,1,1,1,18,18,1,1,1,1,6082401
CheckSensitivity,Low,500,1.47956758573635,2,5,8,19.5,Frequent,5,15,65,270,14,96.4285714285714,100,230,85.1851851851852,17.5,19.6433066392346,21.2635988994826,13,260,259,5,6,4,1,114,115,1,1,1,1,18,18,1,1,1,1,6082501
CheckSensitivity,Low,500,1.47956758573635,2,6,8,19.5,Frequent,5,15,65,270,14,96.4285714285714,100,196,72.5925925925926,17.5,19.1664079705258,20.7040269461205,13,260,259,6,4,4,0,138,138,1,1,1,1,16,16,1,1,1,1,6082601
CheckSensitivity,Low,500,1.47956758573635,2,1,8,19.5,Reference,10,30,65,270,14,96.4285714285714,100,208,77.037037037037,17.5,19.4068568153388,22.3982287110812,13,260,259,1,0,4,5,18,23,1,1,1,1,0,0,1,1,1,1,6082102
CheckSensitivity,Low,500,1.47956758573635,2,2,8,19.5,Reference,10,30,65,270,14,96.4285714285714,100,227,84.0740740740741,17.5,19.2433613936598,20.8636536539078,13,260,259,2,1,4,2,44,46,1,1,1,1,10,10,1,1,1,1,6082202
CheckSensitivity,Low,500,1.47956758573635,2,3,8,19.5,Reference,10,30,65,270,14,96.4285714285714,100,216,80,17.5,19.4277807010262,21.0480729612742,13,260,259,3,6,4,1,68,69,1,1,1,1,16,16,1,1,1,1,6082302
CheckSensitivity,Low,500,1.47956758573635,2,4,8,19.5,Reference,10,30,65,270,14,96.4285714285714,100,228,84.4444444444444,17.5,19.6317622142306,21.2520544744786,13,260,259,4,6,4,1,91,92,1,1,1,1,18,18,1,1,1,1,6082402
CheckSensitivity,Low,500,1.47956758573635,2,5,8,19.5,Reference,10,30,65,270,14,96.4285714285714,100,227,84.0740740740741,17.5,19.4897237161863,21.1100159764342,13,260,259,5,6,4,1,114,115,1,1,1,1,21,21,1,1,1,1,6082502
CheckSensitivity,Low,500,1.47956758573635,2,6,8,19.5,Reference,10,30,65,270,14,96.4285714285714,100,226,83.7037037037037,17.5,19.2672106263974,20.8465352143148,13,260,259,6,5,4,1,137,138,1,1,1,1,19,19,1,1,1,1,6082602
CheckSensitivity,Low,500,1.47956758573635,2,1,8,19.5,Intermittent,30,60,65,270,14,96.4285714285714,100,183,67.7777777777778,17.5,19.6903391588575,22.6479700011389,13,260,259,1,0,4,5,18,23,1,1,1,1,0,0,1,1,1,1,6082103
CheckSensitivity,Low,500,1.47956758573635,2,2,8,19.5,Intermittent,30,60,65,270,14,96.4285714285714,100,228,84.4444444444444,17.5,19.9505138693255,21.5708061295735,13,260,259,2,1,4,2,44,46,1,1,1,1,10,10,1,1,1,1,6082203
CheckSensitivity,Low,500,1.47956758573635,2,3,8,19.5,Intermittent,30,60,65,270,14,96.4285714285714,100,223,82.5925925925926,17.5,19.8495912062344,21.5280729612742,13,260,259,3,6,4,1,68,69,1,1,1,1,17,17,1,1,1,1,6082303
CheckSensitivity,Low,500,1.47956758573635,2,4,8,19.5,Intermittent,30,60,65,270,14,96.4285714285714,100,221,81.8518518518518,17.5,19.7889631232473,21.4674448782871,13,260,259,4,6,4,1,91,92,1,1,1,1,18,18,1,1,1,1,6082403
CheckSensitivity,Low,500,1.47956758573635,2,5,8,19.5,Intermittent,30,60,65,270,14,96.4285714285714,100,225,83.3333333333333,17.5,19.7901844332723,21.468666188312,13,260,259,5,6,4,1,114,115,1,1,1,1,20,20,1,1,1,1,6082503
CheckSensitivity,Low,500,1.47956758573635,2,6,8,19.5,Intermittent,30,60,65,270,14,96.4285714285714,100,221,81.8518518518518,17.5,19.4009977870068,20.9803223749242,13,260,259,6,5,4,1,137,138,1,1,1,1,19,19,1,1,1,1,6082603
CheckSensitivity,Low,500,1.47956758573635,3,1,8,19.5,Frequent,5,15,104,521,27,96.4814814814815,100,157,30.1343570057582,17.5,NaN,NaN,22,430,415,1,0,15,16,7,23,1,1,1,1,0,0,1,1,1,1,6092101
CheckSensitivity,Low,500,1.47956758573635,3,2,8,19.5,Frequent,5,15,104,521,27,96.4814814814815,100,323,61.9961612284069,17.5,19.4400273374881,20.0732344082243,27,521,519,2,1,15,11,35,46,1,1,1,1,44,44,1,1,1,1,6092201
CheckSensitivity,Low,500,1.47956758573635,3,3,8,19.5,Frequent,5,15,104,521,27,96.4814814814815,100,445,85.4126679462572,17.5,18.0475637287966,18.840978342722,27,521,519,3,4,15,8,61,69,1,1,1,1,34,34,1,1,1,1,6092301
CheckSensitivity,Low,500,1.47956758573635,3,4,8,19.5,Frequent,5,15,104,521,27,96.4814814814815,100,472,90.595009596929,17.5,17.3963406470742,18.7469930243321,27,521,519,4,3,15,5,87,92,1,1,1,1,34,34,1,1,1,1,6092401
CheckSensitivity,Low,500,1.47956758573635,3,5,8,19.5,Frequent,5,15,104,521,27,96.4814814814815,100,472,90.595009596929,17.5,17.4424495192625,19.2415375211695,27,521,519,5,6,15,4,111,115,1,1,1,1,31,31,1,1,1,1,6092501
CheckSensitivity,Low,500,1.47956758573635,3,6,8,19.5,Frequent,5,15,104,521,27,96.4814814814815,100,485,93.0902111324376,17.5,17.192675874225,18.8494752876079,27,521,519,6,5,15,3,135,138,1,1,1,1,34,34,1,1,1,1,6092601
CheckSensitivity,Low,500,1.47956758573635,3,1,8,19.5,Reference,10,30,104,521,27,96.4814814814815,100,214,41.0748560460653,17.5,NaN,NaN,25,485,459,1,0,15,14,9,23,1,1,1,1,0,0,1,1,1,1,6092102
CheckSensitivity,Low,500,1.47956758573635,3,2,8,19.5,Reference,10,30,104,521,27,96.4814814814815,100,420,80.6142034548944,17.5,18.1547722487545,19.1133499724953,27,521,519,2,1,15,11,35,46,1,1,1,1,42,42,1,1,1,1,6092202
CheckSensitivity,Low,500,1.47956758573635,3,3,8,19.5,Reference,10,30,104,521,27,96.4814814814815,100,461,88.4836852207294,17.5,17.5754253959414,18.3894507508389,27,521,519,3,3,15,8,61,69,1,1,1,1,35,35,1,1,1,1,6092302
CheckSensitivity,Low,500,1.47956758573635,3,4,8,19.5,Reference,10,30,104,521,27,96.4814814814815,100,415,79.6545105566219,17.5,18.5195535472524,19.385710842246,27,521,519,4,4,15,5,87,92,1,1,1,1,34,34,1,1,1,1,6092402
CheckSensitivity,Low,500,1.47956758573635,3,5,8,19.5,Reference,10,30,104,521,27,96.4814814814815,100,425,81.573896353167,17.5,18.6734105730973,19.0608662845831,27,521,519,5,6,15,4,111,115,1,1,1,1,31,31,1,1,1,1,6092502
CheckSensitivity,Low,500,1.47956758573635,3,6,8,19.5,Reference,10,30,104,521,27,96.4814814814815,100,475,91.1708253358925,17.5,17.3261559513459,18.5591845076206,27,521,519,6,5,15,3,135,138,1,1,1,1,31,31,1,1,1,1,6092602
CheckSensitivity,Low,500,1.47956758573635,3,1,8,19.5,Intermittent,30,60,104,521,27,96.4814814814815,100,172,33.0134357005758,17.5,NaN,NaN,23,445,425,1,0,15,15,8,23,1,1,1,1,0,0,1,1,1,1,6092103
CheckSensitivity,Low,500,1.47956758573635,3,2,8,19.5,Intermittent,30,60,104,521,27,96.4814814814815,100,352,67.5623800383877,17.5,19.1147722487545,19.7314936327075,27,521,519,2,3,15,11,35,46,1,1,1,1,44,44,1,1,1,1,6092203
CheckSensitivity,Low,500,1.47956758573635,3,3,8,19.5,Intermittent,30,60,104,521,27,96.4814814814815,100,450,86.3723608445298,17.5,17.9699891743205,18.9499895001927,27,521,519,3,3,15,8,61,69,1,1,1,1,33,33,1,1,1,1,6092303
CheckSensitivity,Low,500,1.47956758573635,3,4,8,19.5,Intermittent,30,60,104,521,27,96.4814814814815,100,456,87.5239923224568,17.5,17.7632837557443,19.0762101301209,27,521,519,4,4,15,5,87,92,1,1,1,1,34,34,1,1,1,1,6092403
CheckSensitivity,Low,500,1.47956758573635,3,5,8,19.5,Intermittent,30,60,104,521,27,96.4814814814815,100,450,86.3723608445298,17.5,17.892475632125,18.7716099018042,27,521,519,5,6,15,4,111,115,1,1,1,1,32,32,1,1,1,1,6092503
CheckSensitivity,Low,500,1.47956758573635,3,6,8,19.5,Intermittent,30,60,104,521,27,96.4814814814815,100,456,87.5239923224568,17.5,17.7182489679167,19.1265877512177,27,521,519,6,5,15,3,135,138,1,1,1,1,31,31,1,1,1,1,6092603
CheckSensitivity,Medium,1000,2.95913517147269,1,1,8,19.5,Frequent,5,15,221,1032,52,99.2307692307692,100,228,22.093023255814,17.5,NaN,NaN,25,494,469,1,0,21,23,0,23,1,1,1,1,0,0,1,1,1,1,7072101
CheckSensitivity,Medium,1000,2.95913517147269,1,2,8,19.5,Frequent,5,15,221,1032,52,99.2307692307692,100,444,43.0232558139535,17.5,23.8234613907565,NaN,50,988,941,2,0,21,32,14,46,1,1,1,1,64,64,1,1,1,1,7072201
CheckSensitivity,Medium,1000,2.95913517147269,1,3,8,19.5,Frequent,5,15,221,1032,52,99.2307692307692,100,676,65.5038759689922,17.5,19.7000584766176,20.3477295268381,51,1020,1015,3,2,21,29,40,69,1,1,1,1,78,78,1,1,1,1,7072301
CheckSensitivity,Medium,1000,2.95913517147269,1,4,8,19.5,Frequent,5,15,221,1032,52,99.2307692307692,100,879,85.1744186046512,17.5,18.4781646769119,19.2978980509529,51,1020,1017,4,4,21,26,66,92,1,1,1,1,63,63,1,1,1,1,7072401
CheckSensitivity,Medium,1000,2.95913517147269,1,5,8,19.5,Frequent,5,15,221,1032,52,99.2307692307692,100,934,90.5038759689922,17.5,17.3532480985373,19.4433894387731,51,1020,1017,5,4,21,23,92,115,1,1,1,1,68,68,1,1,1,1,7072501
CheckSensitivity,Medium,1000,2.95913517147269,1,6,8,19.5,Frequent,5,15,221,1032,52,99.2307692307692,100,938,90.8914728682171,17.5,17.2986184568173,19.1421857813789,51,1020,1017,6,4,21,20,118,138,1,1,1,1,60,60,1,1,1,1,7072601
CheckSensitivity,Medium,1000,2.95913517147269,1,1,8,19.5,Reference,10,30,221,1032,52,99.2307692307692,100,226,21.8992248062016,17.5,NaN,NaN,25,494,466,1,0,21,23,0,23,1,1,1,1,0,0,1,1,1,1,7072102
CheckSensitivity,Medium,1000,2.95913517147269,1,2,8,19.5,Reference,10,30,221,1032,52,99.2307692307692,100,442,42.8294573643411,17.5,23.8995319242134,NaN,50,986,937,2,0,21,32,14,46,1,1,1,1,66,66,1,1,1,1,7072202
CheckSensitivity,Medium,1000,2.95913517147269,1,3,8,19.5,Reference,10,30,221,1032,52,99.2307692307692,100,661,64.0503875968992,17.5,19.7785994810673,20.3732254815885,51,1020,1015,3,0,21,29,40,69,1,1,1,1,68,68,1,1,1,1,7072302
CheckSensitivity,Medium,1000,2.95913517147269,1,4,8,19.5,Reference,10,30,221,1032,52,99.2307692307692,100,872,84.4961240310078,17.5,18.5644421836139,19.3328463360342,51,1020,1017,4,2,21,26,66,92,1,1,1,1,60,60,1,1,1,1,7072402
CheckSensitivity,Medium,1000,2.95913517147269,1,5,8,19.5,Reference,10,30,221,1032,52,99.2307692307692,100,926,89.7286821705426,17.5,17.5601698929768,19.5751263836148,51,1020,1017,5,4,21,23,92,115,1,1,1,1,66,66,1,1,1,1,7072502
CheckSensitivity,Medium,1000,2.95913517147269,1,6,8,19.5,Reference,10,30,221,1032,52,99.2307692307692,100,921,89.2441860465116,17.5,17.630409094529,19.3483806563218,51,1020,1017,6,3,21,20,118,138,1,1,1,1,57,57,1,1,1,1,7072602
CheckSensitivity,Medium,1000,2.95913517147269,1,1,8,19.5,Intermittent,30,60,221,1032,52,99.2307692307692,100,211,20.4457364341085,17.5,NaN,NaN,25,482,456,1,0,21,23,0,23,1,1,1,1,0,0,1,1,1,1,7072103
CheckSensitivity,Medium,1000,2.95913517147269,1,2,8,19.5,Intermittent,30,60,221,1032,52,99.2307692307692,100,413,40.0193798449612,17.5,NaN,NaN,49,956,915,2,1,21,32,14,46,1,1,1,1,64,64,1,1,1,1,7072203
CheckSensitivity,Medium,1000,2.95913517147269,1,3,8,19.5,Intermittent,30,60,221,1032,52,99.2307692307692,100,610,59.1085271317829,17.5,20.1116695324845,20.6958853251352,51,1020,1014,3,0,21,29,40,69,1,1,1,1,75,75,1,1,1,1,7072303
CheckSensitivity,Medium,1000,2.95913517147269,1,4,8,19.5,Intermittent,30,60,221,1032,52,99.2307692307692,100,830,80.4263565891473,17.5,18.4815217622243,19.348032225296,51,1020,1017,4,3,21,26,66,92,1,1,1,1,72,72,1,1,1,1,7072403
CheckSensitivity,Medium,1000,2.95913517147269,1,5,8,19.5,Intermittent,30,60,221,1032,52,99.2307692307692,100,925,89.6317829457364,17.5,17.6339756395909,19.3174907848684,51,1020,1017,5,2,21,23,92,115,1,1,1,1,57,57,1,1,1,1,7072503
CheckSensitivity,Medium,1000,2.95913517147269,1,6,8,19.5,Intermittent,30,60,221,1032,52,99.2307692307692,100,936,90.6976744186046,17.5,17.268863340866,19.4704577585844,51,1020,1017,6,4,21,20,118,138,1,1,1,1,59,59,1,1,1,1,7072603
CheckSensitivity,Medium,1000,2.95913517147269,2,1,8,19.5,Frequent,5,15,219,960,48,100,100,217,22.6041666666667,17.5,NaN,NaN,25,488,461,1,0,28,23,0,23,1,1,1,1,0,0,1,1,1,1,7082101
CheckSensitivity,Medium,1000,2.95913517147269,2,2,8,19.5,Frequent,5,15,219,960,48,100,100,427,44.4791666666667,17.5,23.067364037275,NaN,46,920,906,2,0,28,31,15,46,1,1,1,1,64,64,1,1,1,1,7082201
CheckSensitivity,Medium,1000,2.95913517147269,2,3,8,19.5,Frequent,5,15,219,960,48,100,100,641,66.7708333333333,17.5,19.3943372130716,20.9380272878459,46,920,917,3,1,28,30,39,69,1,1,1,1,50,50,1,1,1,1,7082301
CheckSensitivity,Medium,1000,2.95913517147269,2,4,8,19.5,Frequent,5,15,219,960,48,100,100,828,86.25,17.5,17.9519006662645,20.0713189994047,46,920,919,4,4,28,27,65,92,1,1,1,1,64,64,1,1,1,1,7082401
CheckSensitivity,Medium,1000,2.95913517147269,2,5,8,19.5,Frequent,5,15,219,960,48,100,100,869,90.5208333333333,17.5,17.3822532343841,19.6712776697651,46,920,919,5,3,28,24,91,115,1,1,1,1,55,55,1,1,1,1,7082501
CheckSensitivity,Medium,1000,2.95913517147269,2,6,8,19.5,Frequent,5,15,219,960,48,100,100,843,87.8125,17.5,17.7497901795641,19.621820063636,46,920,919,6,4,28,21,117,138,1,1,1,1,56,56,1,1,1,1,7082601
CheckSensitivity,Medium,1000,2.95913517147269,2,1,8,19.5,Reference,10,30,219,960,48,100,100,217,22.6041666666667,17.5,NaN,NaN,25,488,461,1,0,28,23,0,23,1,1,1,1,0,0,1,1,1,1,7082102
CheckSensitivity,Medium,1000,2.95913517147269,2,2,8,19.5,Reference,10,30,219,960,48,100,100,427,44.4791666666667,17.5,23.067364037275,NaN,46,920,906,2,0,28,31,15,46,1,1,1,1,68,68,1,1,1,1,7082202
CheckSensitivity,Medium,1000,2.95913517147269,2,3,8,19.5,Reference,10,30,219,960,48,100,100,641,66.7708333333333,17.5,19.3943372130716,20.9380272878459,46,920,917,3,1,28,30,39,69,1,1,1,1,51,51,1,1,1,1,7082302
CheckSensitivity,Medium,1000,2.95913517147269,2,4,8,19.5,Reference,10,30,219,960,48,100,100,827,86.1458333333333,17.5,17.9717628821889,20.1352641132424,46,920,919,4,4,28,27,65,92,1,1,1,1,64,64,1,1,1,1,7082402
CheckSensitivity,Medium,1000,2.95913517147269,2,5,8,19.5,Reference,10,30,219,960,48,100,100,870,90.625,17.5,17.3473643719642,19.7527234411072,46,920,919,5,3,28,24,91,115,1,1,1,1,55,55,1,1,1,1,7082502
CheckSensitivity,Medium,1000,2.95913517147269,2,6,8,19.5,Reference,10,30,219,960,48,100,100,871,90.7291666666667,17.5,17.3114731425384,20.4331984910655,46,920,919,6,5,28,21,117,138,1,1,1,1,56,56,1,1,1,1,7082602
CheckSensitivity,Medium,1000,2.95913517147269,2,1,8,19.5,Intermittent,30,60,219,960,48,100,100,171,17.8125,17.5,NaN,NaN,23,445,423,1,0,30,23,0,23,1,1,1,1,0,0,1,1,1,1,7082103
CheckSensitivity,Medium,1000,2.95913517147269,2,2,8,19.5,Intermittent,30,60,219,960,48,100,100,346,36.0416666666667,17.5,NaN,NaN,45,884,851,2,1,28,30,16,46,1,1,1,1,60,60,1,1,1,1,7082203
CheckSensitivity,Medium,1000,2.95913517147269,2,3,8,19.5,Intermittent,30,60,219,960,48,100,100,508,52.9166666666667,17.5,20.5004578871623,22.0403639460742,46,920,917,3,1,28,30,39,69,1,1,1,1,58,58,1,1,1,1,7082303
CheckSensitivity,Medium,1000,2.95913517147269,2,4,8,19.5,Intermittent,30,60,219,960,48,100,100,683,71.1458333333333,17.5,18.7276487825639,20.5567025942883,46,920,917,4,1,28,27,65,92,1,1,1,1,62,62,1,1,1,1,7082403
CheckSensitivity,Medium,1000,2.95913517147269,2,5,8,19.5,Intermittent,30,60,219,960,48,100,100,799,83.2291666666667,17.5,18.0580303828352,20.1389293444922,46,920,919,5,1,28,24,91,115,1,1,1,1,54,54,1,1,1,1,7082503
CheckSensitivity,Medium,1000,2.95913517147269,2,6,8,19.5,Intermittent,30,60,219,960,48,100,100,816,85,17.5,18.0232742344597,20.0203696135377,46,920,919,6,4,28,21,117,138,1,1,1,1,56,56,1,1,1,1,7082603
CheckSensitivity,Medium,1000,2.95913517147269,3,1,8,19.5,Frequent,5,15,237,1205,61,98.7704918032787,100,211,17.5103734439834,17.5,NaN,NaN,25,484,459,1,0,23,23,0,23,1,1,1,1,0,0,1,1,1,1,7092101
CheckSensitivity,Medium,1000,2.95913517147269,3,2,8,19.5,Frequent,5,15,237,1205,61,98.7704918032787,100,418,34.6887966804979,17.5,NaN,NaN,50,964,916,2,0,23,32,14,46,1,1,1,1,85,85,1,1,1,1,7092201
CheckSensitivity,Medium,1000,2.95913517147269,3,3,8,19.5,Frequent,5,15,237,1205,61,98.7704918032787,100,626,51.9502074688797,17.5,21.5809594869413,22.4536185165057,59,1180,1168,3,2,23,31,38,69,1,1,1,1,81,81,1,1,1,1,7092301
CheckSensitivity,Medium,1000,2.95913517147269,3,4,8,19.5,Frequent,5,15,237,1205,61,98.7704918032787,100,842,69.8755186721992,17.5,19.4748608869693,20.155728239748,59,1180,1175,4,3,23,28,64,92,1,1,1,1,70,70,1,1,1,1,7092401
CheckSensitivity,Medium,1000,2.95913517147269,3,5,8,19.5,Frequent,5,15,237,1205,61,98.7704918032787,100,968,80.3319502074689,17.5,19.4540220951937,20.3394513562224,59,1180,1174,5,5,23,25,90,115,1,1,1,1,71,71,1,1,1,1,7092501
CheckSensitivity,Medium,1000,2.95913517147269,3,6,8,19.5,Frequent,5,15,237,1205,61,98.7704918032787,100,993,82.4066390041494,17.5,19.3414723859314,19.9243199556346,59,1180,1175,6,4,23,22,116,138,1,1,1,1,71,71,1,1,1,1,7092601
CheckSensitivity,Medium,1000,2.95913517147269,3,1,8,19.5,Reference,10,30,237,1205,61,98.7704918032787,100,219,18.1742738589212,17.5,NaN,NaN,25,489,461,1,0,23,23,0,23,1,1,1,1,0,0,1,1,1,1,7092102
CheckSensitivity,Medium,1000,2.95913517147269,3,2,8,19.5,Reference,10,30,237,1205,61,98.7704918032787,100,427,35.4356846473029,17.5,NaN,NaN,50,973,922,2,0,23,32,14,46,1,1,1,1,83,83,1,1,1,1,7092202
CheckSensitivity,Medium,1000,2.95913517147269,3,3,8,19.5,Reference,10,30,237,1205,61,98.7704918032787,100,644,53.4439834024896,17.5,21.480252242667,22.1856993722622,59,1180,1168,3,1,23,30,39,69,1,1,1,1,88,88,1,1,1,1,7092302
CheckSensitivity,Medium,1000,2.95913517147269,3,4,8,19.5,Reference,10,30,237,1205,61,98.7704918032787,100,865,71.7842323651452,17.5,19.510082143518,20.2214846943654,59,1180,1175,4,2,23,28,64,92,1,1,1,1,68,68,1,1,1,1,7092402
CheckSensitivity,Medium,1000,2.95913517147269,3,5,8,19.5,Reference,10,30,237,1205,61,98.7704918032787,100,967,80.2489626556017,17.5,19.561579295557,20.5095064878424,59,1180,1174,5,5,23,25,90,115,1,1,1,1,65,65,1,1,1,1,7092502
CheckSensitivity,Medium,1000,2.95913517147269,3,6,8,19.5,Reference,10,30,237,1205,61,98.7704918032787,100,1001,83.0705394190871,17.5,19.442870770744,19.9850236679373,59,1180,1176,6,4,23,22,116,138,1,1,1,1,67,67,1,1,1,1,7092602
CheckSensitivity,Medium,1000,2.95913517147269,3,1,8,19.5,Intermittent,30,60,237,1205,61,98.7704918032787,100,211,17.5103734439834,17.5,NaN,NaN,25,480,455,1,0,23,23,0,23,1,1,1,1,0,0,1,1,1,1,7092103
CheckSensitivity,Medium,1000,2.95913517147269,3,2,8,19.5,Intermittent,30,60,237,1205,61,98.7704918032787,100,415,34.4398340248963,17.5,NaN,NaN,50,960,916,2,0,23,32,14,46,1,1,1,1,85,85,1,1,1,1,7092203
CheckSensitivity,Medium,1000,2.95913517147269,3,3,8,19.5,Intermittent,30,60,237,1205,61,98.7704918032787,100,620,51.4522821576764,17.5,21.6196497556909,22.344392699769,59,1180,1168,3,1,23,31,38,69,1,1,1,1,85,85,1,1,1,1,7092303
CheckSensitivity,Medium,1000,2.95913517147269,3,4,8,19.5,Intermittent,30,60,237,1205,61,98.7704918032787,100,836,69.3775933609958,17.5,19.981640238798,20.7527256392123,59,1180,1174,4,4,23,28,64,92,1,1,1,1,69,69,1,1,1,1,7092403
CheckSensitivity,Medium,1000,2.95913517147269,3,5,8,19.5,Intermittent,30,60,237,1205,61,98.7704918032787,100,949,78.7551867219917,17.5,19.866412733829,20.8470920394063,59,1180,1174,5,5,23,25,90,115,1,1,1,1,66,66,1,1,1,1,7092503
CheckSensitivity,Medium,1000,2.95913517147269,3,6,8,19.5,Intermittent,30,60,237,1205,61,98.7704918032787,100,957,79.4190871369295,17.5,19.9284754099342,20.508114691624,59,1180,1174,6,4,23,22,116,138,1,1,1,1,66,66,1,1,1,1,7092603
CheckSensitivity,High,2000,5.91827034294538,1,1,8,19.5,Frequent,5,15,410,2029,102,99.4607843137255,100,229,11.2863479546575,17.5,NaN,NaN,25,499,474,1,0,61,23,0,23,1,1,1,1,0,0,1,1,1,1,8072101
CheckSensitivity,High,2000,5.91827034294538,1,2,8,19.5,Frequent,5,15,410,2029,102,99.4607843137255,100,450,22.1784130113356,17.5,NaN,NaN,50,993,949,2,0,46,46,0,46,1,1,1,1,78,78,1,1,1,1,8072201
CheckSensitivity,High,2000,5.91827034294538,1,3,8,19.5,Frequent,5,15,410,2029,102,99.4607843137255,100,687,33.8590438639724,17.5,NaN,NaN,75,1487,1421,3,0,46,62,7,69,1,1,1,1,127,127,1,1,1,1,8072301
CheckSensitivity,High,2000,5.91827034294538,1,4,8,19.5,Frequent,5,15,410,2029,102,99.4607843137255,100,907,44.7018235584032,17.5,23.6788821405927,NaN,99,1967,1879,4,1,46,58,34,92,1,1,1,1,136,136,1,1,1,1,8072401
CheckSensitivity,High,2000,5.91827034294538,1,5,8,19.5,Frequent,5,15,410,2029,102,99.4607843137255,100,1112,54.8053228191227,17.5,21.2911022897641,21.9538259139062,100,2000,1982,5,2,46,55,60,115,1,1,1,1,115,115,1,1,1,1,8072501
CheckSensitivity,High,2000,5.91827034294538,1,6,8,19.5,Frequent,5,15,410,2029,102,99.4607843137255,100,1325,65.3031049778216,17.5,19.7031003243545,20.3150742479202,100,2000,1991,6,2,46,52,86,138,1,1,1,1,114,114,1,1,1,1,8072601
CheckSensitivity,High,2000,5.91827034294538,1,1,8,19.5,Reference,10,30,410,2029,102,99.4607843137255,100,226,11.1384918679152,17.5,NaN,NaN,25,494,467,1,0,61,23,0,23,1,1,1,1,0,0,1,1,1,1,8072102
CheckSensitivity,High,2000,5.91827034294538,1,2,8,19.5,Reference,10,30,410,2029,102,99.4607843137255,100,442,21.7841301133563,17.5,NaN,NaN,50,987,939,2,0,46,46,0,46,1,1,1,1,82,82,1,1,1,1,8072202
CheckSensitivity,High,2000,5.91827034294538,1,3,8,19.5,Reference,10,30,410,2029,102,99.4607843137255,100,665,32.7747658945293,17.5,NaN,NaN,75,1476,1390,3,0,46,62,7,69,1,1,1,1,123,123,1,1,1,1,8072302
CheckSensitivity,High,2000,5.91827034294538,1,4,8,19.5,Reference,10,30,410,2029,102,99.4607843137255,100,888,43.7654016757023,17.5,23.8223257353745,NaN,99,1956,1857,4,1,46,57,35,92,1,1,1,1,130,130,1,1,1,1,8072402
CheckSensitivity,High,2000,5.91827034294538,1,5,8,19.5,Reference,10,30,410,2029,102,99.4607843137255,100,1083,53.3760473139478,17.5,21.4295413117323,22.0893674078103,100,2000,1981,5,2,46,55,60,115,1,1,1,1,113,113,1,1,1,1,8072502
CheckSensitivity,High,2000,5.91827034294538,1,6,8,19.5,Reference,10,30,410,2029,102,99.4607843137255,100,1282,63.1838344011828,17.5,19.8363225438893,20.4498219754369,100,2000,1991,6,2,46,52,86,138,1,1,1,1,111,111,1,1,1,1,8072602
CheckSensitivity,High,2000,5.91827034294538,1,1,8,19.5,Intermittent,30,60,410,2029,102,99.4607843137255,100,202,9.95564317397733,17.5,NaN,NaN,24,472,453,1,0,64,23,0,23,1,1,1,1,0,0,1,1,1,1,8072103
CheckSensitivity,High,2000,5.91827034294538,1,2,8,19.5,Intermittent,30,60,410,2029,102,99.4607843137255,100,403,19.8620009857072,17.5,NaN,NaN,48,944,907,2,0,46,46,0,46,1,1,1,1,78,78,1,1,1,1,8072203
CheckSensitivity,High,2000,5.91827034294538,1,3,8,19.5,Intermittent,30,60,410,2029,102,99.4607843137255,100,601,29.6205027106949,17.5,NaN,NaN,72,1415,1334,3,0,46,63,6,69,1,1,1,1,128,128,1,1,1,1,8072303
CheckSensitivity,High,2000,5.91827034294538,1,4,8,19.5,Intermittent,30,60,410,2029,102,99.4607843137255,100,813,40.0689995071464,17.5,NaN,NaN,96,1884,1789,4,0,46,58,34,92,1,1,1,1,118,118,1,1,1,1,8072403
CheckSensitivity,High,2000,5.91827034294538,1,5,8,19.5,Intermittent,30,60,410,2029,102,99.4607843137255,100,998,49.1867915229177,17.5,21.8690843710844,22.4576557184583,100,2000,1981,5,0,46,55,60,115,1,1,1,1,108,108,1,1,1,1,8072503
CheckSensitivity,High,2000,5.91827034294538,1,6,8,19.5,Intermittent,30,60,410,2029,102,99.4607843137255,100,1183,58.304583538689,17.5,20.2812520427831,20.8966018599685,100,2000,1989,6,2,46,52,86,138,1,1,1,1,108,108,1,1,1,1,8072603
CheckSensitivity,High,2000,5.91827034294538,2,1,8,19.5,Frequent,5,15,418,2083,105,99.1904761904762,100,226,10.8497359577532,17.5,NaN,NaN,25,494,467,1,0,61,23,0,23,1,1,1,1,0,0,1,1,1,1,8082101
CheckSensitivity,High,2000,5.91827034294538,2,2,8,19.5,Frequent,5,15,418,2083,105,99.1904761904762,100,442,21.2193951032165,17.5,NaN,NaN,50,988,941,2,0,49,46,0,46,1,1,1,1,80,80,1,1,1,1,8082201
CheckSensitivity,High,2000,5.91827034294538,2,3,8,19.5,Frequent,5,15,418,2083,105,99.1904761904762,100,672,32.2611617858857,17.5,NaN,NaN,75,1480,1399,3,0,49,68,1,69,1,1,1,1,138,138,1,1,1,1,8082301
CheckSensitivity,High,2000,5.91827034294538,2,4,8,19.5,Frequent,5,15,418,2083,105,99.1904761904762,100,890,42.726836293807,17.5,NaN,NaN,100,1971,1867,4,0,49,66,26,92,1,1,1,1,110,110,1,1,1,1,8082401
CheckSensitivity,High,2000,5.91827034294538,2,5,8,19.5,Frequent,5,15,418,2083,105,99.1904761904762,100,1096,52.6164186269803,17.5,21.6519976653915,23.4607709540867,100,2000,1981,5,0,49,64,51,115,1,1,1,1,121,121,1,1,1,1,8082501
CheckSensitivity,High,2000,5.91827034294538,2,6,8,19.5,Frequent,5,15,418,2083,105,99.1904761904762,100,1298,62.3139702352376,17.5,20.015376898692,22.0496037006216,100,2000,1991,6,2,49,62,76,138,1,1,1,1,123,123,1,1,1,1,8082601
CheckSensitivity,High,2000,5.91827034294538,2,1,8,19.5,Reference,10,30,418,2083,105,99.1904761904762,100,226,10.8497359577532,17.5,NaN,NaN,25,494,467,1,0,62,23,0,23,1,1,1,1,0,0,1,1,1,1,8082102
CheckSensitivity,High,2000,5.91827034294538,2,2,8,19.5,Reference,10,30,418,2083,105,99.1904761904762,100,442,21.2193951032165,17.5,NaN,NaN,50,988,941,2,0,49,46,0,46,1,1,1,1,82,82,1,1,1,1,8082202
CheckSensitivity,High,2000,5.91827034294538,2,3,8,19.5,Reference,10,30,418,2083,105,99.1904761904762,100,672,32.2611617858857,17.5,NaN,NaN,75,1480,1399,3,0,49,68,1,69,1,1,1,1,136,136,1,1,1,1,8082302
CheckSensitivity,High,2000,5.91827034294538,2,4,8,19.5,Reference,10,30,418,2083,105,99.1904761904762,100,890,42.726836293807,17.5,NaN,NaN,100,1971,1867,4,0,49,66,26,92,1,1,1,1,110,110,1,1,1,1,8082402
CheckSensitivity,High,2000,5.91827034294538,2,5,8,19.5,Reference,10,30,418,2083,105,99.1904761904762,100,1096,52.6164186269803,17.5,21.6519976653915,23.4607709540867,100,2000,1981,5,0,49,65,50,115,1,1,1,1,110,110,1,1,1,1,8082502
CheckSensitivity,High,2000,5.91827034294538,2,6,8,19.5,Reference,10,30,418,2083,105,99.1904761904762,100,1298,62.3139702352376,17.5,20.015376898692,22.0496037006216,100,2000,1991,6,2,49,62,76,138,1,1,1,1,123,123,1,1,1,1,8082602
CheckSensitivity,High,2000,5.91827034294538,2,1,8,19.5,Intermittent,30,60,418,2083,105,99.1904761904762,100,200,9.60153624579933,17.5,NaN,NaN,24,471,450,1,0,64,23,0,23,1,1,1,1,0,0,1,1,1,1,8082103
CheckSensitivity,High,2000,5.91827034294538,2,2,8,19.5,Intermittent,30,60,418,2083,105,99.1904761904762,100,394,18.9150264042247,17.5,NaN,NaN,48,934,896,2,0,53,46,0,46,1,1,1,1,79,79,1,1,1,1,8082203
CheckSensitivity,High,2000,5.91827034294538,2,3,8,19.5,Intermittent,30,60,418,2083,105,99.1904761904762,100,579,27.7964474315891,17.5,NaN,NaN,72,1397,1318,3,0,49,67,2,69,1,1,1,1,120,120,1,1,1,1,8082303
CheckSensitivity,High,2000,5.91827034294538,2,4,8,19.5,Intermittent,30,60,418,2083,105,99.1904761904762,100,782,37.5420067210754,17.5,NaN,NaN,96,1858,1770,4,0,49,67,25,92,1,1,1,1,117,117,1,1,1,1,8082403
CheckSensitivity,High,2000,5.91827034294538,2,5,8,19.5,Intermittent,30,60,418,2083,105,99.1904761904762,100,974,46.7594815170427,17.5,22.2880422684485,NaN,100,2000,1978,5,0,49,65,50,115,1,1,1,1,110,110,1,1,1,1,8082503
CheckSensitivity,High,2000,5.91827034294538,2,6,8,19.5,Intermittent,30,60,418,2083,105,99.1904761904762,100,1142,54.8247719635142,17.5,20.6125887613837,22.6798688942153,100,2000,1989,6,1,49,62,76,138,1,1,1,1,120,120,1,1,1,1,8082603
CheckSensitivity,High,2000,5.91827034294538,3,1,8,19.5,Frequent,5,15,449,2195,110,99.7727272727273,100,229,10.4328018223235,17.5,NaN,NaN,26,500,474,1,0,69,23,0,23,1,1,1,1,0,0,1,1,1,1,8092101
CheckSensitivity,High,2000,5.91827034294538,3,2,8,19.5,Frequent,5,15,449,2195,110,99.7727272727273,100,456,20.7744874715262,17.5,NaN,NaN,51,999,951,2,1,53,46,0,46,1,1,1,1,82,82,1,1,1,1,8092201
CheckSensitivity,High,2000,5.91827034294538,3,3,8,19.5,Frequent,5,15,449,2195,110,99.7727272727273,100,695,31.6628701594533,17.5,NaN,NaN,76,1497,1433,3,1,53,69,0,69,1,1,1,1,117,117,1,1,1,1,8092301
CheckSensitivity,High,2000,5.91827034294538,3,4,8,19.5,Frequent,5,15,449,2195,110,99.7727272727273,100,922,42.004555808656,17.5,NaN,NaN,101,1991,1893,4,1,53,68,24,92,1,1,1,1,128,128,1,1,1,1,8092401
CheckSensitivity,High,2000,5.91827034294538,3,5,8,19.5,Frequent,5,15,449,2195,110,99.7727272727273,100,1124,51.2072892938497,17.5,21.9898364802397,22.7236775169414,108,2160,2133,5,1,53,66,49,115,1,1,1,1,138,138,1,1,1,1,8092501
CheckSensitivity,High,2000,5.91827034294538,3,6,8,19.5,Frequent,5,15,449,2195,110,99.7727272727273,100,1345,61.2756264236902,17.5,20.2215295829005,20.8608413329841,108,2160,2148,6,0,53,65,73,138,1,1,1,1,126,126,1,1,1,1,8092601
CheckSensitivity,High,2000,5.91827034294538,3,1,8,19.5,Reference,10,30,449,2195,110,99.7727272727273,100,234,10.6605922551253,17.5,NaN,NaN,26,502,476,1,0,69,23,0,23,1,1,1,1,0,0,1,1,1,1,8092102
CheckSensitivity,High,2000,5.91827034294538,3,2,8,19.5,Reference,10,30,449,2195,110,99.7727272727273,100,465,21.1845102505695,17.5,NaN,NaN,52,1003,954,2,0,53,46,0,46,1,1,1,1,82,82,1,1,1,1,8092202
CheckSensitivity,High,2000,5.91827034294538,3,3,8,19.5,Reference,10,30,449,2195,110,99.7727272727273,100,705,32.1184510250569,17.5,NaN,NaN,78,1503,1441,3,0,53,69,0,69,1,1,1,1,118,118,1,1,1,1,8092302
CheckSensitivity,High,2000,5.91827034294538,3,4,8,19.5,Reference,10,30,449,2195,110,99.7727272727273,100,926,42.1867881548975,17.5,NaN,NaN,103,2002,1907,4,1,53,68,24,92,1,1,1,1,127,127,1,1,1,1,8092402
CheckSensitivity,High,2000,5.91827034294538,3,5,8,19.5,Reference,10,30,449,2195,110,99.7727272727273,100,1140,51.9362186788155,17.5,21.9149424035971,22.6519096296316,108,2160,2136,5,1,53,67,48,115,1,1,1,1,135,135,1,1,1,1,8092502
CheckSensitivity,High,2000,5.91827034294538,3,6,8,19.5,Reference,10,30,449,2195,110,99.7727272727273,100,1376,62.6879271070615,17.5,20.1466028219579,20.793942801834,108,2160,2148,6,0,53,65,73,138,1,1,1,1,117,117,1,1,1,1,8092602
CheckSensitivity,High,2000,5.91827034294538,3,1,8,19.5,Intermittent,30,60,449,2195,110,99.7727272727273,100,211,9.6127562642369,17.5,NaN,NaN,25,484,459,1,0,70,23,0,23,1,1,1,1,0,0,1,1,1,1,8092103
CheckSensitivity,High,2000,5.91827034294538,3,2,8,19.5,Intermittent,30,60,449,2195,110,99.7727272727273,100,418,19.0432801822323,17.5,NaN,NaN,50,965,916,2,0,57,46,0,46,1,1,1,1,76,76,1,1,1,1,8092203
CheckSensitivity,High,2000,5.91827034294538,3,3,8,19.5,Intermittent,30,60,449,2195,110,99.7727272727273,100,626,28.5193621867882,17.5,NaN,NaN,74,1442,1360,3,1,53,68,1,69,1,1,1,1,117,117,1,1,1,1,8092303
CheckSensitivity,High,2000,5.91827034294538,3,4,8,19.5,Intermittent,30,60,449,2195,110,99.7727272727273,100,840,38.2687927107062,17.5,NaN,NaN,98,1917,1810,4,1,53,68,24,92,1,1,1,1,152,152,1,1,1,1,8092403
CheckSensitivity,High,2000,5.91827034294538,3,5,8,19.5,Intermittent,30,60,449,2195,110,99.7727272727273,100,1034,47.1070615034169,17.5,22.4597876057882,23.1955769346237,108,2160,2127,5,1,53,68,47,115,1,1,1,1,138,138,1,1,1,1,8092503
CheckSensitivity,High,2000,5.91827034294538,3,6,8,19.5,Intermittent,30,60,449,2195,110,99.7727272727273,100,1213,55.2619589977221,17.5,20.7211285462465,21.4943523308761,108,2160,2147,6,2,53,65,73,138,1,1,1,1,128,128,1,1,1,1,8092603
