VolumeLabel,TargetSlidesPerDay,Hour,ExpectedSlidesPerHour
Low,500,0,0
Low,500,1,0
Low,500,2,0
Low,500,3,0.109455384040592
Low,500,4,4.74288000956498
Low,500,5,38.5065505727058
Low,500,6,104.155523378368
Low,500,7,91.0539043420446
Low,500,8,85.3707017649548
Low,500,9,47.1506624109635
Low,500,10,16.4989476815249
Low,500,11,10.6713377206193
Low,500,12,18.4449861643704
Low,500,13,18.2428493296924
Low,500,14,16.9794941129547
Low,500,15,10.1573759425711
Low,500,16,12.9345126885076
Low,500,17,17.7641375979504
Low,500,18,5.77334471933387
Low,500,19,1.44333617983347
Low,500,20,0
Low,500,21,0
Low,500,22,0
Low,500,23,0
Medium,1000,0,0
Medium,1000,1,0
Medium,1000,2,0
Medium,1000,3,0.218910768081183
Medium,1000,4,9.48576001912997
Medium,1000,5,77.0131011454116
Medium,1000,6,208.311046756735
Medium,1000,7,182.107808684089
Medium,1000,8,170.74140352991
Medium,1000,9,94.301324821927
Medium,1000,10,32.9978953630499
Medium,1000,11,21.3426754412387
Medium,1000,12,36.8899723287408
Medium,1000,13,36.4856986593847
Medium,1000,14,33.9589882259093
Medium,1000,15,20.3147518851422
Medium,1000,16,25.8690253770152
Medium,1000,17,35.5282751959007
Medium,1000,18,11.5466894386677
Medium,1000,19,2.88667235966693
Medium,1000,20,0
Medium,1000,21,0
Medium,1000,22,0
Medium,1000,23,0
High,2000,0,0
High,2000,1,0
High,2000,2,0
High,2000,3,0.437821536162366
High,2000,4,18.9715200382599
High,2000,5,154.026202290823
High,2000,6,416.622093513471
High,2000,7,364.215617368178
High,2000,8,341.482807059819
High,2000,9,188.602649643854
High,2000,10,65.9957907260998
High,2000,11,42.6853508824774
High,2000,12,73.7799446574816
High,2000,13,72.9713973187694
High,2000,14,67.9179764518186
High,2000,15,40.6295037702844
High,2000,16,51.7380507540304
High,2000,17,71.0565503918015
High,2000,18,23.0933788773355
High,2000,19,5.77334471933387
High,2000,20,0
High,2000,21,0
High,2000,22,0
High,2000,23,0
