VolumeLabel,TargetSlidesPerDay,WorkloadMultiplier,Replication,WorkloadSeed,Cases,Slides,Racks,MeanRackFillPct,MedianRackFillPct,MeanCourierBatchRacks,MaxCourierBatchRacks,RacksMovedByLastPickup
Low,500,1.47956758573635,1,43001,132,654,33,99.0909090909091,100,6.2,14,31
Low,500,1.47956758573635,2,43002,65,270,14,96.4285714285714,100,2.6,4,13
Low,500,1.47956758573635,3,43003,104,521,27,96.4814814814815,100,5.4,15,27
Medium,1000,2.95913517147269,1,44001,221,1032,52,99.2307692307692,100,8.5,21,51
Medium,1000,2.95913517147269,2,44002,219,960,48,100,100,9.2,28,46
Medium,1000,2.95913517147269,3,44003,237,1205,61,98.7704918032787,100,9.83333333333333,23,59
High,2000,5.91827034294538,1,45001,410,2029,102,99.4607843137255,100,16.6666666666667,46,100
High,2000,5.91827034294538,2,45002,418,2083,105,99.1904761904762,100,20,49,100
High,2000,5.91827034294538,3,45003,449,2195,110,99.7727272727273,100,18,53,108
